id,flowerday,FMflowerdiff,germday,espigalength,shoot,root,finalheight,finalstemw,numlvs,numflwrleaves,length3leaf,width3leaf,red,green,blue
1,83,3,21,8.1,2.74,1.22,88,4.68,4,3,20.2,1.9,126.834535304975,72.065,64.1154910193541
2,83,4,21,7.2,3.35,0.93,107.8,3.65,6,3,10.2,1.6,135.80120030476,84.692,77.2695815222122
3,90,2,19,10.2,3.21,1.39,106.5,6.34,5,2,23.5,2.3,85.4829070899704,60.733,53.7038846193501
4,95,3,21,12.7,3.81,2.02,65.3,5.97,3,2,18.1,2.1,134.725920252687,79.436,72.1724680492937
5,82,5,21,8.4,3.27,1.05,107.2,5.1,5,3,13.2,2.2,167.195682612696,97,89.1197502863688
6,116,6,79,8.5,0.71,0.32,46.1,4.24,5,2,16.4,1.3,115.66404004435,108.69,65.0709850489405
7,86,2,21,9.9,2.45,0.92,104.4,4.47,5,2,15.4,2.1,167.3963016497,104.257,96.6445587849807
8,95,1,21,10,3.1,2.18,70.4,6.04,4,2,24.5,2.7,245.038515915256,189.657,143.765837312481
9,98,4,21,8.7,2.85,1.98,80.8,5.43,6,2,18.9,1.7,151.883748317821,67.456,72.2214515932181
10,85,0,27,7.5,2.24,0.6,89.6,4.07,5,3,11.6,1.8,141.217583252891,91.433,79.3965829597977
11,79,6,22,7.7,3.02,0.96,95.1,4.17,4,2,21.8,1.9,117.624256994819,66.361,65.9548016115968
12,86,0,24,7.6,2.96,1.12,87.2,3.35,5,3,23.8,1.7,183.711938445342,128.415,122.364526812878
13,100,3,20,9.9,4.66,2.59,111.3,5.74,5,3,23.1,2.4,149.905976683426,74.3,79.207589036232
14,103,1,33,8.3,4.97,1.78,115.8,7.04,4,3,24.3,2.4,148.443293080402,117.241,110.415644169108
15,84,0,21,4.6,2.51,1.12,83.7,4.9,4,2,28.5,1.6,157.935639278425,101.664,83.1039314536938
16,90,5,22,7.3,3.89,1.5,128.8,5.01,5,3,10,1.8,226.877490859652,148.566,124.41704220102
17,86,0,21,7.3,2.58,1.28,81.8,5.18,5,3,22.7,2.1,203.182294560241,130.784,120.561825547497
18,90,0,21,8.6,3.52,1.57,112.7,5.31,5,2,16.7,2.5,161.715616674934,103.079,87.3641247709915
19,86,0,22,11.5,3.36,1.13,108.6,4.54,5,3,17.2,1.8,174.999606119729,112.01,102.315653660706
20,85,0,20,11,2.54,1.11,90.4,4.04,5,3,18.5,2,153.978018208317,85.312,88.4293383796983
21,86,3,21,7.7,4.03,1.29,140.3,5.17,5,2,18.1,2.3,213.242923532366,132.564,128.697762349969
22,91,4,21,6.8,3.71,1.66,113.3,5.01,5,3,14.5,1.8,123.761506629552,87.928,87.7432511879428
23,NA,NA,NA,NA,NA,0.05,NA,NA,NA,NA,NA,NA,NA,NA,NA
24,90,0,21,6.5,4.63,1.1,125.7,5.64,6,3,18,1.5,236.232855646806,170.027,114.09939803469
25,96,0,20,4.2,3.99,1.26,98.1,5.8,5,3,21.2,2.2,158.180370746098,71.506,81.6416294251118
26,85,3,19,10.2,2.33,0.79,103.7,4.3,5,3,20.4,2.1,153.521649953627,84.382,89.4070309584024
27,86,3,23,8.8,3.21,1.2,114.7,4.11,5,2,17.5,2.3,186.619451146483,125.731,117.413393332327
28,91,2,25,7.6,4.67,1.59,133.5,6,6,2,12.3,2.3,152.478835904507,84.474,88.4126188133538
29,102,NA,22,5.2,2.72,1.11,23,7.84,8,7,21.4,1.9,141.073197657492,126.921,116.677254841805
30,96,3,32,12.3,4.38,1.09,137.6,5.54,5,3,15.9,1.9,131.420400717615,74.954,66.3987805159234
31,87,2,19,9.8,3.25,1.33,136.6,5.54,5,3,16.5,2.1,177.845532164619,152.045,147.745948957719
32,94,0,22,7,3.56,1.7,89,5.55,5,3,20,2.4,117.278253270888,74.753,64.3551667069453
33,86,0,23,6.4,3.85,1.08,84,5.01,6,4,14.9,2,101.200492784979,73.962,74.3425421992041
34,85,2,21,6.4,3.08,1.05,107.6,4.82,5,3,10.4,2,122.283916452696,89.773,88.729636070422
35,93,2,21,11.8,3.9,1.82,140.4,5.42,5,3,17.5,2.3,142.349990054738,81.937,84.8103519447768
36,104,4,46,12.6,3.79,1.93,108.4,6.05,4,2,29.4,2.8,114.88508148608,77.269,73.3177165213926
37,91,1,23,6.1,3.69,1.73,75.5,5.39,5,3,13.5,2.4,172.278466141159,119.167,93.4375503588617
38,91,2,21,10.5,3.57,1.83,109.6,5.34,5,2,17.5,2.2,135.230156525057,79.968,83.78313769459
39,116,6,32,13.5,7.6,3,125,7.28,6,4,18,2,93.0008822674575,44.899,48.5778440357104
40,85,0,22,3.7,2.65,0.8,94.2,3.88,5,3,18.8,2.1,132.769512842352,78.805,81.3490612017092
41,86,4,20,13.6,4.35,1.33,128.7,4.83,4,2,33.8,2.5,208.331676454112,137.285,132.953181839846
42,89,5,21,10.3,3.22,1.23,124.2,5.46,5,3,24.3,2.3,163.3553988235,106.946,100.457892231989
43,90,4,21,9.9,3.49,2.01,122.2,5.91,5,2,14.1,1.9,151.769958110566,56.364,66.0190590623934
44,99,3,21,8.9,4.68,2.77,121.1,6.55,6,3,16.2,1.7,172.40973560493,105.188,110.128842460105
45,102,7,39,11.2,3.52,3.09,77.2,6.48,5,3,21,2.7,172.899893358688,137.866,137.814485686468
46,128,4,77,13,4.77,2.03,66.9,6.13,4,2,36.3,2.6,136.217036356554,80.913,73.1816282517318
47,95,5,22,14.7,3.52,1.35,68.3,5.61,5,2,35.1,2.7,182.341167578889,131.927,130.965489261664
48,92,2,21,8.3,3.26,0.89,132.8,4.43,4,2,22,2.3,105.138725048243,56.804,64.6412914278963
49,86,4,21,11.3,3.15,1.16,91.3,4.8,6,2,18.2,2.5,183.180813651419,88.151,100.176014023955
50,86,0,28,8.5,3.25,1.27,77.7,4.06,5,2,17.7,2.1,183.005124715945,100.318,94.9538941320239
51,98,2,23,13.5,3.85,1.84,106.1,7.3,6,3,15.3,2.4,139.720266106612,66.176,72.451746651933
52,93,4,21,9.1,4.68,2.11,136.2,6.4,6,3,15.4,2.2,134.325730514224,82.529,83.7133613007066
53,80,4,20,9,2.91,1.12,115.6,5.84,5,3,22.5,2.3,185.682238821687,130.137,90.0733701930891
54,106,7,28,13,4.89,2.31,160.1,6.2,5,3,21.1,2.1,NA,NA,NA
55,NA,NA,21,NA,0.03,0.005,NA,NA,NA,NA,NA,NA,NA,NA,NA
56,102,5,39,13.7,5.24,3.23,108.9,6.75,5,2,20.9,2.6,171.172552761113,115.105,120.959549966029
57,85,4,21,12.2,3.23,1.19,127.8,4.57,6,5,11,1.7,168.103351768781,140.027,121.029426702712
58,89,5,23,13.1,3.35,0.98,123,4.85,5,3,17.2,1.9,110.004201099626,74.639,80.2622618135377
59,86,0,21,NA,3.87,1.26,109.2,3.73,6,3,22,2.1,230.287706453919,167.335,136.775878418632
60,85,2,21,8.1,3.28,0.9,129.2,4.06,6,2,13.5,1.9,112.372236873651,62.597,62.5522053778547
61,97,2,21,12.4,3.77,2.37,94.6,6.98,4,3,23.5,2.6,165.900525473885,131.791,58.5977286781696
62,85,4,21,7,3.37,1.34,125.2,5.29,6,3,17,2.2,149.982006713018,71.122,65.683405756853
63,93,2,21,10.7,4.16,1.8,129.2,5.92,5,3,21.2,2.4,97.6448162053812,75.492,58.2348689223036
64,85,0,23,9.3,3.16,1.15,97.8,4,5,3,16.8,2.2,169.500863102374,72.708,76.9043209069821
65,NA,NA,NA,NA,NA,NA,NA,NA,NA,NA,NA,NA,NA,NA,NA
66,85,0,24,6.8,3.1,1.05,98.9,4.14,7,4,8.2,1.6,183.850107887797,87.08,88.035743457379
67,86,0,20,7.7,3.61,1.13,95.3,4.82,7,3,13,1.7,184.515212947046,92.71,101.903867335596
68,80,4,21,8.1,3.99,1.19,86.6,6.37,6,3,13.2,2.2,144.521074351016,93.135,71.5583945293924
69,87,0,21,7.1,3.89,0.99,125.6,5.27,5,4,21.4,1.9,184.050249051979,161.747,143.040101955045
70,86,3,22,7.3,3.98,1.31,124.3,5.16,6,3,16.5,2,183.041726577502,82.244,90.8821462908296
71,85,3,21,8.2,3.95,1.08,125.7,4.76,6,4,15.2,1.9,175.388264205227,107.362,101.573060084294
72,NA,NA,NA,NA,NA,NA,NA,NA,NA,NA,NA,NA,NA,NA,NA
73,88,0,19,5.5,2.89,1.49,95.2,5.13,6,3,13.7,1.7,174.733554316554,116.425,129.08474608141
74,86,3,22,7.4,4.41,1.14,146.5,4.41,6,4,13.3,1.9,138.175164680726,73.872,74.6272882235588
75,80,4,19,7.3,4.11,1.08,117.7,6.5,6,4,12,1.8,96.9957368358222,49.846,52.1114284211874
76,86,3,21,8.9,3.74,1.45,128.6,4.16,6,4,19.5,2.5,182.032560965997,120.451,95.2467661864413
77,95,3,23,10.4,5.12,2.15,134,6.68,5,3,16.4,2.2,195.101608968856,132.871,136.658353554096
78,128,2,60,12.6,9.64,2.44,130.8,6.53,5,3,23.3,2.8,117.565374634811,48.981,55.0984347106142
79,86,3,21,8.5,3.71,0.85,90.4,4.62,6,2,14.9,2.6,184.149194331475,130.27,100.747986719572
80,95,4,31,11.7,5.64,1.86,128.8,7.53,6,3,19.4,2.6,156.134295443464,91.01,104.369497087428
81,89,5,23,10.3,4.56,1.5,119.1,6.6,5,3,16.6,2.2,78.5357284607736,57.625,58.3577628652994
82,125,3,60,10.4,3.7,2.1,96,5.31,6,4,18.8,1.7,94.8675795862507,54.238,58.4369414598501
83,102,6,22,11.5,5.89,2.62,130.8,7.43,7,5,14.5,1.6,155.667667538937,111.433,122.652270258533
84,102,6,22,11.9,5.97,2.88,118.7,6.83,6,3,26.1,2.6,166.135218002979,112.559,120.960476468652
85,95,4,22,13,3.11,1.49,74.2,5.63,5,3,17.5,2.1,215.244750952855,127.847,119.474691033821
86,85,3,25,8.5,3.23,0.93,126.4,3.96,6,4,11.8,1.6,122.02748741309,66.963,69.7615627144117
87,94,2,21,8.5,4.84,1.45,124,5.46,5,2,20.2,2.5,162.460890663672,78.397,89.1239469907615
88,99,1,21,17.2,5.99,2.72,124.5,6.9,5,4,28.2,2.8,151.428525315291,109.487,88.7860512899513
89,89,0,21,12,5.66,1.84,167.3,6.85,6,3,20.5,2.4,155.166172773546,102.507,97.1642385214214
90,NA,NA,NA,NA,NA,NA,NA,NA,NA,NA,NA,NA,NA,NA,NA
91,85,2,21,8.2,3.59,1.41,101,5.31,5,3,24.2,2.3,159.109278350515,112.863,91.4895334400627
92,110,3,48,13.3,6.74,2.87,132.6,7.45,5,4,23.1,2.9,119.50758007142,64.336,62.4056159813219
93,92,1,21,10.7,4.5,1.66,116.6,5.7,5,3,15.3,2.2,174.135572678206,74.382,83.3820832988716
94,92,2,23,12.5,3.98,1.53,101.6,4.88,5,2,19.4,2.6,167.913129468003,91.696,86.2666450050216
95,92,1,19,10,3.46,1.89,120.4,5.43,5,2,18.6,2.2,165.29841064974,68.017,74.2960682932593
96,92,3,21,10.3,3.13,1,120,4.33,3,1,25.1,2.3,208.264410395055,91.385,91.810744254741
97,85,3,20,9.2,3.24,1.47,101.7,5.64,6,3,15.4,2.2,160.530676096859,86.663,89.1897817492731
98,90,0,21,5.6,3.92,0.99,105.6,4.68,7,3,16.6,1.9,124.562164471146,52.539,57.3113500995344
99,85,2,23,3,3.14,1.18,102.2,4.05,6,4,13.4,1.7,158.570390793575,96.472,93.3043601136995
100,85,1,21,9.1,3.02,1.1,127,4.09,5,2,19.3,2.1,171.452325286972,63.258,77.1517396831606
101,80,4,23,9,3.88,1.62,109.7,5.47,6,3,17.2,2.2,117.423231562363,71.437,66.2546198991569
102,96,0,48,8.3,4.54,1.28,119,6.47,6,3,19.2,2.6,212.548566851002,138.967,113.261691422571
103,85,2,22,8.8,3.35,1.02,97.5,5.5,6,3,10.3,2,164.679459883046,72.864,72.7838162526892
104,102,6,23,12.8,3.44,2.88,65.1,9.65,6,3,18.5,2.3,181.603374977913,108.674,111.197918328465
105,85,3,19,6.4,3.26,1.63,100.5,3.66,6,2,17,1.9,189.437727696942,79.916,94.1175692352826
106,NA,NA,NA,NA,NA,NA,NA,NA,NA,NA,NA,NA,NA,NA,NA
107,114,5,22,11.5,5.98,3.13,97.8,10.16,6,3,24.2,2,131.205456108575,69.673,72.3172647182542
108,90,2,22,4.3,5.82,2.43,92.4,6.32,6,3,13.9,2.1,161.127584559702,97.582,81.2446136397884
109,97,2,21,7.9,4.5,2.35,116.2,6.79,6,3,12.5,1.7,171.29385552125,85.897,87.2968907804572
110,NA,NA,NA,NA,NA,0.46,NA,NA,NA,NA,NA,NA,NA,NA,NA
111,98,4,21,12.7,4.74,2.32,122.9,7.18,5,3,18.1,2.4,155.958121036303,72.527,79.892119408893
112,92,2,21,3.3,4.02,1.31,122,4.74,6,3,19.7,2.1,172.475079334293,66.625,75.6462132687423
113,97,0,21,10.8,4.01,1.59,126.1,6.4,5,2,22.4,2.3,156.255701404476,79.745,87.8171030737103
114,86,3,21,12.3,3.07,0.89,138,3.94,6,4,27.8,2.3,110.255655650192,50.092,59.6151409645987
115,102,7,21,13.4,4.41,3.07,74.7,9.8,6,3,17.1,2.4,114.820291719606,80.116,86.6854384276478
116,92,-3,21,7.1,6.5,1.93,119.9,5.04,6,3,25.2,2.3,150.59840269574,62.19,71.1652202989307
117,109,7,28,11.5,4.81,3.2,129,7.13,6,4,16,1.8,154.412339397289,89.16,90.3223418666571
118,80,4,25,9.5,3.59,1.3,107.1,4.92,5,3,14.6,2.4,128.605218645527,72.359,81.8866446784794
119,94,1,21,8.9,4.31,1.38,120.8,5.5,6,3,16.8,2.2,127.47611441124,78.604,77.1226161975759
120,87,2,32,11.9,4.59,1.29,132.5,7.05,6,4,15.7,2.5,138.425520752794,72.01,82.5652702782176
121,88,3,19,10.1,3.34,1.46,107.6,5.98,6,3,13.3,2.2,167.330744076025,112.306,118.792457354313
122,96,1,22,9.2,3.98,2.45,83.8,6.92,6,4,13.8,2.2,152.863948768218,60.061,64.675053942122
123,87,4,19,10.1,4.6,1.13,142.7,6.5,5,3,13.1,1.9,118.401870742418,105.136,92.4493055219174
124,106,1,21,10.5,4.69,1.92,152.5,3.52,5,3,20,2,NA,NA,NA
125,89,0,23,6.9,3.64,1.51,110.4,6.32,6,3,18.8,2.3,195.414807446152,123.541,119.212455330191
126,95,2,21,14.3,4.15,1.59,122.2,4.93,4,2,23.4,2,NA,NA,NA
127,NA,NA,NA,NA,NA,NA,NA,NA,NA,NA,NA,NA,NA,NA,NA
128,89,3,25,12.3,3.33,2.3,97.5,7.85,6,3,17.5,2.3,197.511604160039,113.408,106.131565005561
129,85,7,23,11.5,3.29,1.6,110.5,4.68,6,3,20.6,2.1,232.2276215716,90.506,101.286131625269
130,100,4,21,9.4,4.57,2.2,105.9,6.94,6,3,15.7,2.1,230.907662963532,96.767,83.5301870262593
131,87,4,20,10.9,3.22,1.04,124.9,4.04,6,3,19.5,2.3,203.672918761758,150.862,136.624130510722
132,112,1,21,13.4,7.86,2.71,127.1,7.18,4,3,34.3,2.6,128.40818206278,62.283,74.1726334132663
133,NA,NA,90,NA,2.05,1.86,19.4,9.76,7,NA,28.5,3.1,84.2447858123709,46.827,48.9805090732505
134,88,2,30,7.6,4.42,1.56,110.3,6.19,5,3,17,2.4,202.056615248872,128.426,130.380487529709
135,85,2,22,6.8,3.05,1.3,90.2,4.26,6,3,17.5,2,183.481480123649,92.468,94.465412966947
136,86,9,21,12,4.88,1.04,164.3,6.07,6,3,19.2,2.4,141.146513495681,80.982,84.1349764940365
137,86,12,21,12.4,2.9,1.2,103.5,5.88,6,1,18.7,2.4,182.772470009597,131.86,91.1417416400392
138,87,2,22,11.1,5.17,1.87,122.4,4.58,6,4,19.3,2.2,172.460057208825,139.668,131.144550623075
139,85,2,21,4.7,3.86,0.99,99,4.6,5,3,24.6,1.9,226.406743261336,130.68,114.955396440446
140,90,2,21,6.7,3.4,1.13,103.7,5.72,5,2,14,2.4,203.303057193775,110.825,107.081681695972
141,88,4,21,11.2,4.49,1.57,146.8,5.69,6,3,16.4,2.1,133.11956585218,112.133,106.084274358739
142,NA,NA,NA,NA,NA,NA,NA,NA,NA,NA,NA,NA,NA,NA,NA
143,NA,NA,NA,NA,NA,0.01,NA,NA,NA,NA,NA,NA,NA,NA,NA
144,116,6,32,13.9,9.59,3.01,129.6,8.9,6,4,19.5,2.2,138.47607525539,71.874,72.1694810153813
145,85,2,22,13.4,4.08,1.52,115.2,5.17,5,3,18.9,2.1,148.278868357321,66.071,66.5335613142969
146,87,2,21,5.2,2.83,1.05,88.7,4.65,5,2,17.5,1.9,145.328469941851,120.63,110.630638010437
147,89,2,21,9.5,4,1.28,150.1,5.41,6,3,11.6,1.9,190.793493216311,103.672,105.170924482339
148,85,0,21,9.4,3.09,0.94,104.7,3.96,5,3,14.6,2.1,135.03689296895,75.696,71.031677684334
149,91,6,21,12.4,3.99,1.65,110.3,6.4,5,3,15.8,2.3,104.854831168307,60.323,66.2130629092278
150,84,1,21,10.8,3.09,1.14,103,4.37,5,4,15,2.1,187.753978449316,129.769,89.2993665197888
151,93,3,21,10.7,3.64,1.69,107,6.83,5,3,18,2.1,161.121903436702,84.733,88.6743037285231
152,87,2,19,9.6,4.16,1.17,109.3,4.94,7,5,14.2,1.9,165.267873824183,108.991,105.57808618256
153,88,2,21,7.2,3.47,1.22,117.3,4.56,5,3,18,1.9,118.346032773265,91.358,108.59525181263
154,87,4,21,9,3.46,1.06,134.4,5.3,5,2,15.6,2.1,185.906073114418,132.293,122.494471455458
155,98,9,21,9.6,3.69,1.82,123.1,6.02,6,3,16,2,179.677473951408,91.418,82.4631334443858
156,113,0,36,8.8,6.71,2.36,124.6,6.81,5,3,24.1,2.7,77.0243808295964,37.972,40.6357682643712
157,106,1,24,8.2,4.47,2.52,109.2,7.28,5,3,26.3,2.5,139.548566131405,74.466,78.3052917069399
158,107,9,39,14.7,3.61,2.72,78.6,6.39,5,3,18.8,2.3,163.855556267124,131.844,98.506889651935
159,88,NA,21,14.1,4.04,1.18,116.4,6.46,6,0,18.7,2,154.935637750022,99.195,107.416966063961
160,92,3,24,11.4,3.76,1.79,111.4,4.8,5,3,17,2.1,144.494650092568,79.738,78.6565758846813
161,89,5,39,10.3,2.73,1.45,81.6,5.38,5,3,15.3,2.1,146.33304142261,66.818,69.975078112588
162,103,10,48,16.8,2.81,1.59,85.7,5.94,4,2,32.3,2.7,139.520236132837,95.034,92.7332564922562
163,86,3,21,10.5,2.51,0.46,91.7,4.41,4,2,16.7,2.1,196.171829714491,182.792,101.964090986744
164,83,6,22,9,2.28,1.18,79.1,4.33,5,3,17,2,182.461917221101,134.859,82.4765115050924
165,85,0,21,5.2,2.53,1.04,64.2,3.36,5,3,16,2.3,165.921421582766,121.051,75.207254491214
166,85,4,21,10.5,2.44,0.87,80,3.81,5,3,13,1.8,162.543350453708,97.855,83.7442242193564
167,93,2,31,12.3,3.31,1.78,91.8,6.34,4,2,26.2,2.2,186.634514736216,111.378,111.483047765487
168,NA,NA,21,NA,0.1,NA,NA,NA,NA,NA,NA,NA,NA,NA,NA
169,85,10,21,12.5,1.97,0.71,82.7,3.89,5,2,20.4,2.3,157.765792714042,101.033,80.2611997456304
170,83,0,21,8.8,2.65,0.77,91.7,5.6,4,3,19.5,2.2,120.41573932266,53.106,55.7767284333923
171,91,0,21,8,3.12,1.41,98,5.54,5,2,19.1,2.3,168.218040503469,118.864,91.959579688088
172,93,7,21,12.2,2.69,1.94,75.5,5.46,5,2,18,2.3,199.884868685103,135.588,109.016172870672
173,90,5,22,10.7,3.06,1.45,95.1,5.51,4,2,18,2.3,167.435359826563,88.794,89.4495229484404
174,91,4,21,9.6,3.05,1.24,91.8,4.67,4,2,23.4,2.1,119.798389563498,76.536,77.5289104569971
175,83,6,21,10,2.31,1.06,97.6,4.74,5,2,18.6,1.9,170.167957977422,111.268,87.2623216783217
176,92,0,19,9.2,3.45,1.43,102.9,4.01,5,3,13.6,2,103.992949386308,66.782,61.5051279021681
177,92,8,22,10.1,2.63,0.78,106,3.54,5,2,14.2,1.7,114.985344813737,62.256,66.7232078927158
178,116,12,22,13.3,3.77,3.29,68.4,9.22,5,1,21.3,2.3,106.826422144956,69.697,44.2953437668065
179,88,4,21,10,3.33,1.21,122.6,5.63,6,3,13.7,1.8,178.721086352915,103.121,106.108091081021
180,93,4,21,8,3.5,1.68,100.5,6.49,5,3,15.3,2,204.860717389784,123.7,109.601469423662
181,94,2,21,8.8,3.23,1.26,103.2,3.64,5,2,20.5,2,182.860364286369,113.541,115.210185846264
182,90,5,21,11.6,3.38,1.2,100.2,5.91,5,2,18.9,2.1,121.698900402359,55.158,58.3091389278831
183,109,3,48,15.7,4.13,2.05,98.9,6.44,4,4,30.5,2.3,158.632004313995,128.84,95.3711368869859
184,85,0,21,11.2,2.76,0.51,98.6,3.2,4,3,24.1,1.9,199.694455438955,145.648,92.203526292656
185,90,2,21,6.8,3.21,1.38,118.7,4.45,4,2,34.9,2,147.999767587132,96.937,90.1241531640851
186,106,9,65,14.2,2.59,1.23,91.6,5.43,5,2,24.8,2.3,143.004945922203,73.848,72.7633995747149
187,101,3,39,7.9,3.48,1.47,106.4,5.81,6,2,11.9,2.3,162.601537876304,72.109,72.4914252750201
188,85,0,19,9.2,2.55,0.99,107.3,4.51,4,2,37.3,1.7,145.63215605795,86.812,78.2187253462513
189,91,2,22,8.4,3.1,1.01,92.4,3.98,4,2,21.9,2.2,170.221922825561,107.705,99.4017353012502
190,88,2,21,10.4,2.75,1.13,121.7,5.27,5,3,16.2,2.2,144.880960671423,113.696,108.353786572503
191,85,4,21,6.7,2.58,0.92,110,3.92,6,2,11.8,1.7,94.0123775874692,42.872,45.0010090619184
192,98,5,39,12.8,4.64,1.61,104.5,5.62,5,3,15.2,2.4,118.52812697933,74.332,70.098131151867
193,95,1,31,6.5,3.95,1.47,128.9,5.66,5,2,16.5,2.3,187.146211200769,129.48,125.642279076812
194,103,5,22,11.8,3.76,1.93,111.8,5.86,4,2,28.1,2.4,133.16466255226,101.832,98.4131782335705
195,95,9,22,13.4,2.64,1.22,82.9,5.68,5,1,24.5,2.4,123.921898314047,89.675,90.9005240358218
196,79,9,21,7.1,2.23,0.69,103.3,3.91,4,3,18.8,1.5,140.249804659957,108.725,50.6184075587949
197,106,4,21,11,3.9,2.29,99,6.93,6,2,21.2,2.1,115.23111250715,55.203,56.8525149816354
198,85,3,19,6.8,2.59,0.92,92.6,3.78,5,2,21.2,1.8,101.130456037983,57.855,54.5337890789388
199,92,1,24,7.2,4.8,1.4,124.6,4.56,6,3,15.5,1.9,118.999064932238,60.782,57.4826738061798
200,87,5,22,7,3,0.86,101.4,3.21,6,1,20.4,2.9,171.07019398837,99.166,100.743649980039
201,88,0,23,6.4,3.66,0.56,112.6,4.7,4,3,20.3,2.1,NA,NA,NA
202,85,4,21,6,2.23,0.68,104.5,3.29,5,3,12.3,1.9,65.6508381958157,42.873,44.4758277767906
203,86,2,19,8.9,3.13,0.99,111.5,5.22,5,3,21.5,1.8,162.520963951536,97.928,91.1465447420038
204,86,0,19,6,2.01,0.88,85.2,3.77,6,3,20.3,1.3,159.711001139635,83.485,82.5288191970641
205,109,6,22,10.5,5.77,2.9,130.7,6.8,5,3,19.3,2,116.360907988912,67.593,52.017614885043
206,85,2,21,6.2,2.45,0.61,98.2,3.6,5,3,22.7,1.5,225.374177150912,162.93,110.396008316075
207,113,3,53,11.3,5.27,3.21,112.2,6.57,5,3,24.4,2.4,160.2924186138,92.513,104.657656874127
208,85,0,19,8,2.57,1.11,89,3.12,4,2,29,2.2,196.114274301101,111.469,90.2163878969127
209,86,3,24,8.4,2.82,1.15,110.6,5.3,5,3,20.6,1.8,96.4963512667378,55.764,55.8194079601107
210,100,0,31,6.8,4,1.72,106.1,6.56,6,3,12.5,1.8,168.36163435572,57.146,64.3440296710252
211,NA,NA,NA,NA,NA,NA,NA,NA,NA,NA,NA,NA,NA,NA,NA
212,86,3,22,9.6,2.68,0.9,117.3,4.94,6,3,23.5,2.4,162.894584932822,87.052,81.9562894428802
213,102,3,30,12.5,3.77,1.59,137.5,5.32,4,2,30.3,2.3,101.016035642465,80.163,73.3669632197917
214,85,3,23,5.5,2.09,0.72,101.7,4.15,4,2,22,2.1,162.225438567324,95.764,82.500344525384
215,87,3,21,11.2,2.14,1.07,93.7,5.06,5,2,23.2,2.2,183.775464682743,98.171,100.395769362382
216,92,3,21,12.2,3.27,1.48,100.8,4.07,6,3,16.3,2.4,191.489887987808,97.556,98.7677563202247
217,86,2,21,10.1,5.29,1.19,146.8,5.23,5,3,20.5,2.7,154.775873860365,87.509,86.5941646999272
218,85,0,22,3.8,3.74,1.14,107,4.45,4,3,22.7,2.4,169.802388998319,90.178,93.530293205607
219,85,3,21,9.7,2.71,1.17,114.8,3.92,6,3,15.7,1.8,183.691326219347,93.306,89.8028594503395
220,90,-3,23,6,3.31,1.53,104.4,4.95,5,3,17,2.4,155.620973526614,88.209,85.8868782027136
221,86,2,21,8.9,3.29,0.8,121.8,6.14,5,3,16.1,2.5,97.3404540913487,54.485,53.7360568262474
222,95,1,21,14.6,3.31,1.88,104.1,4.82,4,2,26.2,2.4,122.237066881846,92.564,93.9943474323292
223,90,0,24,9.1,3.27,1.36,128.3,5.24,4,3,23.3,2.2,135.302863211778,72.108,75.183899903909
224,NA,NA,NA,NA,NA,0.16,NA,NA,NA,NA,NA,NA,NA,NA,NA
225,92,1,21,11,4.04,1.36,114.5,4.02,4,2,23.5,2.5,177.821393566647,103.176,93.9771260533708
226,88,0,21,8.2,2.83,1.19,105.8,4.96,6,2,19.1,2.1,167.180379420218,111.27,112.129555168302
227,92,2,21,7.8,2.52,1.63,78.4,3.48,4,2,20.6,2.1,168.533714907745,83.304,83.4218978230337
228,86,4,21,9.1,2.56,1.31,101.9,5.24,5,3,16.8,2,191.350579728207,93.457,95.3510707378096
229,106,7,48,14.5,5.27,1.9,138.9,6.36,5,4,21.7,2.6,165.581124928496,117.212,112.308529286681
230,102,5,39,11.7,4.16,1.39,109.6,5.91,5,3,21.1,2.5,156.817372975338,115.589,106.66268798812
231,116,6,48,16.2,7.71,2.92,139.1,6.97,5,4,25.6,3,144.067953916703,84.851,80.0515834140045
232,126,2,79,10.3,4.29,1.52,106,5.76,5,3,22.5,2,93.590290949815,54.028,50.4967013158797
233,85,0,20,5.3,2.29,1,103.2,2.73,6,2,19.5,2.1,172.22966496196,85.654,89.6117090013514
234,107,3,53,10.4,5.12,2.21,105.3,6.91,5,2,26.2,2.6,70.8116088692302,47.848,46.0388851292729
235,96,0,21,11.5,4.12,1.67,149.8,5.38,5,2,24.2,2.2,180.705901309462,116.049,108.087795745431
236,114,2,39,12.5,6.63,2.93,118.1,7.9,6,4,14.2,1.6,123.34236301499,67.297,73.7851886998805
237,92,5,28,11.4,3.15,1.49,123.4,4.32,4,2,19.5,2.2,171.053720785936,94.093,85.7228476123596
238,86,2,21,9.5,3.31,0.89,113.7,5,6,4,12.1,1.9,147.423513694328,76.313,72.9823006423451
239,91,4,21,10.1,2.86,0.97,107.6,4.58,5,3,14.5,1.8,162.273940132322,77.568,79.3948165238115
240,91,5,21,10.6,3.16,1.6,100.3,5.9,5,2,20.1,2,190.382329917702,87.072,93.9038930133378
241,85,8,21,9.3,3.39,1.02,110,5.43,5,3,15.5,2.2,145.052728445705,84.148,76.0409734125493
242,96,0,23,7.6,4.66,1.58,107.6,6.75,5,3,21.7,2.4,NA,71.163,NA
243,92,3,21,10.3,6.91,2.66,159,5.1,6,3,17.6,2.6,170.532039187939,101.748,89.587426264045
244,103,6,21,14,4.91,2.05,131.5,5.36,5,3,23,2.4,133.48698250903,97.128,89.3020242779406
245,92,1,21,8.8,3.44,1.46,114.6,4.18,5,3,14,1.6,220.901597997061,144.893,139.413305828652
246,91,0,23,5.6,2.78,1.08,92.4,5.63,5,3,17,2.1,177.046380486526,109.542,94.5227503031317
247,NA,NA,NA,NA,NA,NA,NA,NA,NA,NA,NA,NA,NA,NA,NA
248,85,0,22,6.8,3.22,1.06,98.2,4.45,5,2,17,2.2,122.572089741041,72.317,69.0866929689187
249,NA,NA,NA,NA,NA,0.18,NA,NA,NA,NA,NA,NA,NA,NA,NA
250,100,6,46,12.1,2.91,2.5,94.9,5.67,6,3,22.3,2.1,172.424499418183,60.347,68.8436500609784
251,93,NA,19,14.1,4.05,1.87,82.8,6.3,5,2,21.7,2.9,143.51406492326,70.744,75.0239499854653
252,99,0,39,8.5,3.73,1.72,93.6,5.23,7,3,10.7,2.2,103.202096866504,70.508,59.6069308129367
253,86,3,22,8.8,2.96,0.94,123.6,4.36,5,3,13.1,1.8,123.080532368864,64.095,68.9096142203137
254,90,4,21,11.1,4.43,1.91,143.2,5.33,5,3,17.4,2.3,NA,NA,NA
255,124,2,81,9.6,3.39,1.34,75.1,4.78,5,4,18.5,2.2,130.470291627824,68.9,66.6932840942921
256,NA,NA,NA,NA,NA,NA,NA,NA,NA,NA,NA,NA,NA,NA,NA
257,86,3,22,7.7,4.06,1.51,137.6,5.52,7,3,14.8,1.9,133.967323259918,90.287,78.7252685783235
258,79,9,19,9.5,2.19,0.92,86.2,5.34,5,2,17.8,1.7,99.0467758454297,43.564,40.9538175528574
259,86,3,30,9.8,2.67,1.32,117.2,5.66,5,2,15,2.1,186.039812955522,119.834,99.3047370998651
260,NA,NA,NA,NA,NA,0.09,NA,NA,NA,NA,NA,NA,NA,NA,NA
261,85,4,21,12.1,3.18,1.46,117.6,5.15,6,3,14.6,2.4,99.254435537998,52.334,53.9467791591361
262,86,3,21,6.4,2.42,1.18,97.5,5.06,5,2,18.4,2.1,165.762237644197,84.687,81.4017196749237
263,87,3,21,9,3.71,1.2,121.4,3.88,5,2,25,2.1,173.041834744313,85.468,92.600666633398
264,95,2,21,10.6,3.21,1.88,91.4,5.76,4,2,25.8,2,130.489499713343,103.72,105.638683576109
265,92,6,21,11.6,3.04,1.36,121.5,4,5,3,13.8,1.8,137.188072279976,90.415,78.6664712078652
266,87,2,21,10.4,3.94,0.9,149.2,2.28,6,3,24.4,2,141.444801308363,79.267,83.6376789737082
267,92,1,19,10.3,5.89,2.39,117.7,4.43,5,3,26.3,2.7,171.941016056169,120.847,107.951020014045
268,114,2,23,10.7,4.87,2.38,95.9,5.72,6,4,17.9,1.7,151.109003991247,104.539,88.448050005889
269,88,3,21,10.1,2.34,1.03,93.5,5.25,5,3,16.5,2,144.20733239672,82.766,90.8117921672934
270,104,5,22,10.9,3.4,2.4,90.4,6.64,5,2,20.6,2.4,129.132146285335,63.294,55.0138596005379
271,86,4,21,8.3,3.42,1.09,107.5,5.62,6,4,12.6,1.8,168.344979820485,74.668,80.9489287940812
272,85,4,24,13,4.33,1.12,140.7,6.4,5,4,18.6,2.9,135.263446694011,78.093,76.8013564999909
273,NA,NA,NA,NA,NA,0.14,NA,NA,NA,NA,NA,NA,NA,NA,NA
274,NA,NA,NA,NA,NA,NA,NA,NA,NA,NA,NA,NA,NA,NA,NA
275,83,0,21,4,2.71,1.39,95.8,5.28,5,3,13.9,2,147.229495396403,95.099,70.8189706061573
276,93,0,22,9.5,2.31,0.3,62.9,5.48,5,3,12.9,1.8,173.753893245464,156.596,101.427015161947
277,85,3,22,11.9,3.95,1.36,130.8,5.58,6,4,17.4,1.9,149.584767235385,84.017,83.1994157219271
278,85,2,20,7.2,3.64,1.02,97.3,5.15,6,3,14.5,2,126.028273811083,54.74,56.7159853770743
279,91,6,21,11.7,3.12,1.32,101,5.79,5,2,20.3,1.9,167.988382080039,88.572,92.0659895388218
280,85,5,22,9.1,2.49,1.67,84.5,6.4,7,2,23.3,2.1,125.099858670348,55.992,59.6863016229439
281,85,3,21,6.1,2.76,0.82,114.2,4.99,5,3,17.5,1.3,163.617658688488,105.134,94.4674922869087
282,90,0,28,8.5,2.83,1.11,90.5,5.13,5,2,23.4,2.1,198.228305404303,105.869,99.9864553407387
283,104,4,61,19.4,1.99,0.84,96.6,3.09,4,2,41.1,2.1,155.007353238357,108.855,87.2523787916521
284,90,0,21,5.7,4.56,1.93,96.8,6.93,6,3,9.3,2,178.127757037373,81.368,87.8463834569704
285,85,4,21,10.8,2.6,1.18,116.2,4.57,5,3,21.9,2.1,115.832033437805,53.863,55.3279318509593
286,97,0,22,7.5,4.12,1.52,99,5.98,5,3,19.5,2.2,132.654862493243,54.185,62.652186153614
287,109,3,48,11.7,4.5,2.23,117.4,5.5,5,3,26.5,2.4,145.702021908675,85.537,83.6917914223006
288,90,5,21,9.4,2.68,1.33,97.5,5.09,5,3,19.2,2,177.535988539071,87.399,89.8594220624976
289,95,0,25,8.1,3.81,1.39,120.5,5.45,5,2,17.6,2.3,158.428859970488,106.778,102.136935859563
290,87,3,22,11.7,3.13,1.34,117.7,3.14,6,3,16.1,2,170.130739182487,89.814,94.310619510665
291,91,-12,23,4.3,3.96,1.49,107.3,4.95,6,3,16.6,2.1,143.702003802243,93.398,81.3605985031568
292,85,0,21,11,2.66,1.4,113.3,4.36,5,3,23,2.1,136.592397323363,83.069,69.8512305347135
293,88,3,23,10.4,3.48,1.1,107.5,5.3,4,3,21.7,2.1,114.115284427426,77.128,83.1635820416399
294,95,2,21,10.1,3.68,1.86,99,5.13,4,2,26,2.3,178.737287230143,122.553,124.250955485383
295,123,7,21,13.6,7.32,5.23,92.9,7.76,5,2,24.5,2.4,132.34827389571,86.03,76.9433295082411
296,86,3,19,13.5,3.44,0.98,128.3,4.9,5,3,21.2,2.1,111.359754399434,71.405,64.9269429696927
297,106,9,21,16,4.81,2.01,136.7,6.2,4,2,31.1,2.2,202.681345979407,155.415,146.080186352213
298,NA,NA,25,NA,NA,0.09,NA,NA,NA,NA,NA,NA,NA,NA,NA
299,116,6,22,12.7,6,3.33,100.4,7.78,6,2,27.5,2.5,115.346223677837,59.166,57.782582015704
300,86,0,27,7.7,2.97,1.26,73,5.28,5,3,16.1,2,237.77572639888,131.758,108.091440229842
301,85,0,21,5.8,2.3,0.74,95.5,3.31,5,3,22.7,1.5,196.651215328569,143.397,103.545121052075
302,90,0,21,9.3,3.12,1.51,96,4.68,5,3,19.1,2.3,137.08251994564,66.982,74.5313468117
303,NA,NA,NA,NA,0.73,0.13,NA,NA,NA,NA,NA,NA,NA,NA,NA
304,86,3,21,11,3.21,1.11,105,5.51,6,2,15.6,2.2,150.769689604685,67.69,57.2995524843204
305,95,0,21,8.8,3.71,1.48,91.5,6.26,5,2,14.9,2.5,234.476370943336,149.911,133.813268819395
306,92,1,21,11.5,2.67,1.31,89.5,4.31,4,2,21.7,2.1,273.450308715478,237.422,102.105176548166
307,95,0,21,2.1,2.64,1.5,95.2,4.95,6,3,20.1,1.7,140.317530503106,97.078,89.2443165936641
308,112,1,31,13.7,6.09,3.99,98.6,7.55,6,4,21.8,2.1,115.912759304933,57.483,65.1751864413257
309,85,4,24,16.5,3.28,1.35,122,4.9,4,2,32.2,2.3,127.747964224168,81.135,76.4178672800628
310,89,NA,21,10,3.14,1.27,122.3,4.66,6,2,17.9,2,196.465349767015,136.49,128.279890668856
311,85,4,22,10.9,2.13,1.09,112.6,4.69,5,3,17,1.8,122.501820052606,90.356,67.7277452397904
312,88,3,19,9.3,2.99,1.39,93.5,4.98,5,2,18.8,2,102.190183557845,71.271,77.5188033874469
313,85,0,21,10.4,3.5,1.02,108.2,5.27,4,1,21.2,2.3,115.849510067177,70.624,71.7152863502087
314,116,7,21,10.9,6.23,3.17,105.7,6.82,7,4,18.1,2,83.2767301838433,42.22,50.6591877233551
315,NA,NA,NA,NA,NA,NA,NA,NA,NA,NA,NA,NA,NA,NA,NA
316,88,1,21,8.9,3.12,1.48,115.5,4.76,6,3,12.3,1.9,161.194155971004,115.451,101.938298465376
317,83,-2,19,3.8,1.97,1.08,61.2,4.04,5,2,18.2,1.6,178.843157241276,128.398,91.5679765545658
318,106,5,21,11.9,3.81,2.79,79.7,7.19,6,4,14.7,2,101.285817806652,54.677,57.8861059346607
319,86,3,21,9.6,2.08,0.84,70.9,4.96,5,3,17.7,1.9,155.237889999363,68.384,71.1830273406692
320,91,1,24,7.2,3.52,2.48,102.4,5.5,5,2,18.3,2.4,175.363344491286,123.835,104.186444905297
321,86,4,21,9.7,2.57,1.16,103.2,4.82,5,3,17.7,1.9,220.982371252148,151.463,127.456856761933
322,81,4,21,10.1,1.88,0.85,85,4.86,4,2,17.3,1.9,135.499345318198,94.431,71.3108166130153
323,95,2,21,7.9,3.79,1.7,121,5.49,4,2,27.5,2.2,166.203793419111,101.584,103.584338053037
324,95,3,21,9.3,2.66,2.08,78.8,4.91,4,2,19.8,2.1,149.872833165725,92.507,94.1579957896166
325,85,4,21,10.2,2.63,1.11,87.3,5.52,5,2,18.6,2,147.233788836195,75.93,66.6357143740692
326,89,4,22,11.7,2.73,1.65,97.5,4.87,4,2,19.3,2.1,126.384529127758,100.603,73.9763986919451
327,91,3,27,12.4,2.63,1.34,59,5.01,4,1,18.3,2.4,208.604818095188,161.803,118.766069070861
328,NA,NA,NA,NA,NA,NA,NA,NA,NA,NA,NA,NA,NA,NA,NA
329,82,5,19,7.4,2.39,1.29,88.3,5.39,5,2,19.2,2,196.818767790465,126.651,102.942088869798
330,88,2,21,8.9,2.7,1.25,94.8,5.64,5,2,14.7,1.9,137.338315014279,88.25,84.3061640527072
331,119,11,74,13,1.73,1.01,68.5,5.65,4,1,30.7,1.9,NA,NA,NA
332,95,8,21,11.6,3.97,2.63,111.1,5.94,4,2,25.5,2.2,146.66664130302,100.403,96.3029886930834
333,89,0,21,9,2.85,1.07,65.5,4.45,5,2,8.3,2.2,156.168475906207,115.872,108.310702192448
334,84,5,19,10.4,2.35,1.37,117.4,4.21,5,3,16.3,1.7,195.794955142976,126.519,98.7730530943591
335,90,0,22,10.1,2.8,1.58,109.6,4.96,6,2,14.1,1.6,160.122330228766,102.918,82.6508794173041
336,101,5,31,12.8,3.22,1.81,120.7,5.33,4,2,25.4,2.4,226.340857270283,158.422,99.7538255131473
337,86,-1,20,10.5,1.62,0.6,74.5,3.62,4,2,19.6,1.6,NA,NA,NA
338,92,7,21,10.6,3.08,1.8,93,3.55,5,2,16.9,2.2,173.401013032397,109.397,87.2636488445779
339,NA,NA,NA,NA,NA,NA,NA,NA,NA,NA,NA,NA,NA,NA,NA
340,98,14,21,12.3,3.49,1.04,99.3,5.37,5,1,23.3,2.1,104.53152954647,70.496,71.7308149139197
341,82,0,21,7.3,2.68,1.07,104.8,3.88,6,3,15.5,1.6,126.190074679366,57.925,56.6437808323788
342,80,0,21,5.6,2.85,0.99,106.4,4.66,6,3,12.1,1.4,160.330086060948,110.324,79.184911246662
343,98,1,20,10.6,2.79,1.55,64.8,6.12,5,2,16.4,2.2,202.022468657652,132.554,108.321081882002
344,85,6,22,9.2,2.27,1,102.9,4.59,5,3,14.6,1.9,150.193709398206,74.563,71.5275053100154
345,95,4,21,11.9,2.57,2.28,64.4,4.98,4,1,24.7,2.2,132.29277809002,78.881,69.6280264167601
346,88,0,22,3.9,3.25,1.2,93.1,5.21,5,3,13.5,1.9,138.958133384633,90.453,84.7037028902988
347,87,8,21,11.3,1.99,0.97,85.6,2.93,5,2,13.2,1.6,166.603246645555,136.016,121.420186241506
348,99,3,22,13.1,3.75,1.75,103.4,5.27,4,2,25.1,2,134.260336569712,75.682,74.1899874584289
349,92,6,21,9.4,2.08,1.41,74,4.07,4,2,19.8,2.1,244.828813583959,123.16,103.863527081502
350,89,1,21,4.9,2.54,0.86,92.5,5.19,4,2,23,2,153.2560675818,107.372,97.8313980953711
351,89,0,27,7,3.24,0.91,102.7,5.3,5,3,15.6,1.6,172.095186345573,134.005,103.013229664028
352,109,10,21,11.7,4.72,3.27,72.5,8.29,5,2,22.7,2.4,179.214161935237,124.748,110.029672111683
353,104,4,42,10.7,2.88,1.5,101,5.42,5,3,18.1,1.8,134.796011367164,90.627,76.7370862479454
354,89,5,26,9.4,2.51,1.5,101.9,4.67,4,2,24,1.9,170.93759304003,108.143,105.837790997093
355,85,2,21,11,3.38,1.3,120.1,5.57,5,2,20.3,2.1,185.681267625712,134.931,93.9094878785166
356,85,4,21,13,2.44,1.27,98.5,3.94,4,2,27.7,2.3,121.254676816145,85.915,63.7507147565531
357,105,3,21,11.7,3.12,2.26,86.5,5.45,5,3,20.3,2,169.295173102068,111.178,108.457876667311
358,89,3,21,7.2,3.73,0.88,103.2,5.37,6,3,13.7,1.9,206.704799139739,138.46,127.214537416094
359,86,4,19,6.7,2.44,0.88,72.6,4.36,4,3,21.1,1.9,160.235859698262,109.173,82.0412064070305
360,79,6,22,5.1,3.5,0.91,111.6,5.68,6,2,17,1.9,145.045753806157,56.781,57.7301933240971
361,88,1,21,7,2.56,0.98,93.5,6.06,4,2,22.4,1.9,203.019079773699,150.478,114.728337210563
362,95,7,25,9.4,3.81,1.93,108.7,5.77,5,2,17.8,2.3,126.17057709189,90.079,79.6514590336491
363,91,2,21,9.5,2.69,0.99,103,5.31,5,2,17.6,2,174.759975223675,108.159,100.506739516456
364,102,2,26,8.3,3.56,2.11,110.5,4.48,4,2,26.5,2.2,145.70523489093,98.047,102.953594407702
365,80,9,21,12.3,2.41,1.11,110.9,3.89,4,2,20.8,1.8,121.935825175812,57.317,62.3849812067893
366,94,2,29,8.3,3.88,1.5,65.7,4.31,5,1,13.8,2.2,146.574445302597,78.841,77.6504005800119
367,106,9,28,12.8,4.69,2.31,114.4,6.72,5,2,21.5,2.2,169.942146590552,118.628,115.200825950137
368,NA,NA,NA,NA,NA,NA,NA,NA,NA,NA,NA,NA,NA,NA,NA
369,92,6,21,10.7,3.68,1.82,126,4.7,4,2,25.2,1.8,195.917923537962,98.399,99.2414165159835
370,87,2,21,7.8,3.23,1.33,123.8,3.4,5,2,18.8,1.9,186.151956857432,148.612,138.833669232531
371,87,3,23,8.6,2.22,1.08,67.2,4.73,6,2,12.8,1.7,193.32424255656,150.233,136.835277300775
372,81,1,20,7,3.19,0.85,85.8,4.35,3,1,27.9,1.9,144.899925117208,106.105,71.8338947671654
373,98,1,32,8.2,3.77,1.86,85,5.98,5,2,17.2,2.6,179.871789559202,99.861,96.4731017892705
374,88,0,20,6.5,2.6,1.18,98.7,4.85,6,3,14.6,1.9,187.246013658502,117.1,107.379863320861
375,82,0,21,10,2.97,0.79,117.1,4.6,5,3,23.4,2.2,164.998321662428,111.092,85.276848844979
376,90,10,22,10.3,3.78,1.41,123.8,6.51,5,2,19.6,2.2,108.05614361503,74.421,72.9037521559629
377,85,4,22,11,2.15,1.17,102.8,5.04,4,2,23.6,2.3,146.964507728573,104.362,77.6749634036181
378,101,4,22,15.8,3.86,1.85,128.1,6.11,5,2,23.9,2.3,248.462885131501,141.877,119.848460960558
379,81,2,20,8.9,2,0.36,91.8,5.63,4,2,28.7,1.9,145.712852708804,108.235,71.5500178329736
380,92,4,31,8.3,3.3,1.63,102.5,6.43,5,3,13.6,2.6,193.720767826208,72.831,76.4952741079279
381,87,0,21,7.3,3.22,1.05,106.5,3.54,5,3,18.3,1.9,152.190154301666,116.965,110.23964034478
382,87,2,21,9.8,2.77,0.96,94.1,3.82,6,2,12.6,2.2,177.867922708175,142.416,133.899410816071
383,119,2,70,9.1,6.75,1.85,91.8,6.63,5,3,13.3,1.7,NA,NA,NA
384,NA,NA,NA,NA,NA,NA,NA,NA,NA,NA,NA,NA,NA,NA,NA
385,81,4,21,11.4,2.37,0.58,105.3,5.05,5,2,18.2,2,165.137083167737,95.866,93.4428710748966
386,83,0,21,10.1,2.58,0.87,90.5,5.38,6,3,7.3,1.6,169.585999426681,107.485,83.3596181436256
387,100,5,21,11.3,3.29,2.07,104.3,5.96,5,2,19.1,2.1,163.722029990998,79.968,74.6321019034534
388,88,2,21,8.1,3.15,1.17,103.4,4.87,5,2,23.2,1.8,154.903815776357,114.723,105.798293747628
389,99,3,22,10.5,4.93,2.08,135.4,6.66,5,3,23.7,2.2,186.808716043579,113.432,99.5449952425399
390,87,0,21,5.7,1.53,0.45,76.1,4,9,2,14.4,1.2,175.353033245918,158.594,112.503744056722
391,95,1,22,8.3,3.61,1.5,83.6,5.92,5,2,15.6,2.2,123.168385868288,86.304,78.1124241621677
392,88,0,22,8.7,3.08,1.03,95.2,5.22,5,2,18.6,2,140.378398109391,97.504,94.0460131259314
393,98,6,26,11.8,3.34,2.13,116.3,6.05,4,3,18,2.2,212.702201413898,117.429,105.864217765065
394,88,0,23,4.9,3.12,0.95,91.1,4.59,6,3,13.5,2,139.801922359895,68.693,74.4681036548994
395,104,4,19,13.7,4.59,2.25,98.9,7.04,6,3,24.6,2.9,153.767265607691,104.014,94.1813679795152
396,95,5,25,10.8,2.67,2.05,109,5.11,4,2,23.8,2,175.918107331572,114.122,84.0657722999963
397,89,5,21,12.4,3.18,1.38,9.33,6.07,5,2,18,2,149.54269397906,98.206,92.8244104117385
398,85,2,20,11.3,2.83,0.88,100.6,5.9,5,3,16.4,2.1,187.412378157631,128.08,94.6841492951842
399,106,5,23,11.9,3.41,2.4,76.7,5.86,5,3,20.9,2.2,162.972517291103,115.522,104.701745479676
400,88,5,22,10.1,2.84,0.76,121.1,4.45,5,2,23.5,1.7,125.035130655281,99.017,88.8458437952926
401,117,9,21,10.7,5.82,3.26,71.2,8.38,7,2,13.8,1.8,127.775280574629,71.817,71.4048653713325
402,86,9,21,9.3,2.85,0.98,127.2,4.53,5,2,23.8,1.6,143.894854541982,80.103,79.0266767942314
403,79,6,27,9.7,2.35,0.88,79.6,5.22,5,2,14.1,2.3,169.684378252221,109.304,73.541049316318
404,92,0,27,11.5,3.46,0.83,99.6,5.45,5,3,11.9,2.2,196.986141514506,96.033,92.7569719812213
405,90,2,27,9.3,2.99,1.12,102.9,4.96,5,3,16.3,2.1,171.89185724578,107.034,94.6865124519054
406,89,0,21,8.7,3.97,1.47,117.8,5.77,5,3,11.6,2,116.061127897406,67.793,69.5857847647146
407,98,2,27,12.5,4.12,2.42,127.1,6.42,5,3,19.8,2.5,205.097087237864,133.705,113.38530306106
408,95,14,19,14.5,3.5,2.21,73.6,5.72,5,1,19.4,2.4,159.387784180978,81.565,82.4423490872438
409,91,0,20,7.4,3.7,1.62,91.6,5.46,3,1,31.9,2.2,160.358664487268,86.408,90.5559491157307
410,115,3,21,13.2,4.13,2.64,68.5,6.55,5,2,23.7,2.2,159.714866658773,143.826,102.909488544692
411,87,2,20,9.4,3.26,1.18,111.7,3.18,5,2,11.4,2,178.791210839466,103.545,114.748583622967
412,122,3,48,11.7,9.81,2.89,114,7.46,6,4,16.6,2.5,137.727471983656,89.291,79.3775237760156
413,NA,NA,NA,NA,NA,NA,NA,NA,NA,NA,NA,NA,NA,NA,NA
414,88,0,19,11,2.5,0.96,107.8,4.34,5,2,19.4,1.8,192.173847595253,138.237,133.134667054525
415,NA,NA,NA,NA,NA,NA,NA,NA,NA,NA,NA,NA,NA,NA,NA
416,92,2,21,9.1,3.82,1.97,103.7,6.05,5,3,19,2.3,216.803271639354,111.803,94.5771505034754
417,89,0,21,9.1,3.01,1.14,117.5,4.45,6,2,13.5,1.8,111.910886811991,59.702,64.695359671098
418,79,9,19,10.5,3.06,0.96,114.8,4.46,5,2,16.1,2.3,123.129706497548,60.252,52.0676264488981
419,84,10,28,10.4,3.53,1.07,135.2,5.66,6,2,18.7,1.8,137.224752331731,74.873,65.2407850125045
420,NA,NA,NA,NA,NA,NA,NA,NA,NA,NA,NA,NA,NA,NA,NA
421,79,3,19,9.5,2.19,1.13,64,4.89,5,1,22.3,2.2,116.259310499675,54.71,61.5922724401725
422,106,4,21,13.6,4.12,2.45,84.9,8.07,5,3,20.2,2.4,139.595435844465,80.728,80.7257572816737
423,79,0,19,7.4,2.44,0.88,90.4,3.82,4,2,19.6,2,103.383767061233,57.653,53.6145243827931
424,95,8,23,13.3,2.54,1.45,113.3,4.43,4,2,21.3,2,154.742161822985,89.328,91.1761071116586
425,126,3,20,12.5,8.35,2.71,98.8,7.8,5,3,24.3,2.6,154.694194540025,102.644,79.7238748493548
426,116,6,51,13,5.44,1.87,64.7,6.57,5,3,23.8,2.4,95.2455379552574,56.397,58.8017164479414
427,92,12,21,8,3.95,1.71,89.8,7.32,5,1,14,2.1,141.997653401963,73.023,71.571517899504
428,92,2,21,8.1,3.36,1.83,113,4.59,5,2,14.2,2,147.203810487645,81.168,83.0415466316086
429,91,4,22,11.2,3.95,1.27,108,6.26,5,2,18.2,1.8,201.294665334322,112.908,119.12726802549
430,132,0,70,19.8,3.34,2.26,38.5,7.48,6,3,25.5,2.6,113.795591908577,53.919,57.3524094061035
431,86,2,19,8.1,3.07,1.01,110,4.17,4,2,22.4,1.9,155.483419823031,106.361,102.762182521501
432,109,5,21,10.8,4.25,2.29,104.5,7.01,5,3,23.2,2.1,126.356679739378,68.651,64.8249252689526
433,95,-8,30,3.5,3.75,1.54,92.1,6.15,5,3,20.6,1.9,142.279583058124,64.393,73.9545082465375
434,92,3,21,8.7,2.59,1.12,134.3,5.23,5,2,17.3,1.8,140.770889388901,85.268,66.2233968580481
435,114,2,22,9.8,3.92,2.71,72.3,9.04,5,3,18.1,2.2,188.143823434439,146.558,118.603958356469
436,81,0,22,7.2,2.88,1.17,86.1,4.42,4,1,23.4,2.2,95.9772220733828,55.604,59.9986790521374
437,89,0,21,9.4,2.69,1.13,120.5,4.95,4,2,29.2,1.5,157.10029038225,95.757,91.1144788457006
438,97,0,29,3.2,4.74,1.45,130.5,6.26,5,3,15.1,1.6,173.200895346813,104.501,85.9846011799363
439,89,2,21,9.2,3.51,1.63,99.1,4.92,5,2,21.8,2,106.415220508191,56.578,60.4834953693601
440,81,2,20,4.9,2.98,1.01,84,4.77,6,4,9.7,1.6,179.090640271814,107.158,105.17560825022
441,79,12,29,8.5,2.86,0.83,110.7,6.04,6,3,18.4,2.2,157.126627092689,71.058,74.0452954418742
442,79,11,19,9.9,3.61,0.79,138,5.03,6,3,14.6,1.9,170.973660771445,85.253,81.610326316786
443,91,1,28,10.5,2.9,0.99,120,4.78,5,2,19,2,202.62999939118,123.516,110.342909448913
444,91,-1,32,10.4,3.24,1.08,111.4,5.14,5,2,13.3,1.9,197.573890518291,127.583,122.288481276403
445,140,5,82,14.4,2.73,2.3,36.6,8.74,6,3,23.8,2.6,65.6964282938837,35.13,37.9143376884936
446,112,3,61,11.5,5.87,1.74,130.3,7.06,5,2,19.4,2.2,130.956295627803,80.868,89.1704165241566
447,91,0,21,5.6,3.31,1.38,122.5,5.48,5,2,17.5,2,183.048660781407,103.478,110.303418363207
448,81,1,21,5.7,2.29,0.6,82,3.75,5,2,20.6,1.9,217.393979782478,174.471,124.255083669761
449,91,-6,21,4.5,3.86,1.38,123,4.97,5,2,21.4,1.9,105.086517205781,61.793,65.3953115348815
450,102,3,21,10.9,4.55,2.05,142.9,6.09,5,4,19.6,2.1,161.877721794033,138.667,82.6840889409795
451,89,6,21,10.1,2.96,1.91,88.2,5.7,5,2,18.9,2,77.1735905265114,61.083,57.683911734155
452,92,6,25,8.5,4,1.61,131.3,5.18,4,2,17.1,2.1,124.336074709783,79.511,70.8736110548929
453,117,3,21,11.4,6.08,2.72,109.7,6.55,4,2,31.7,2.4,154.244880675885,113.599,89.3621562209075
454,NA,NA,NA,NA,NA,NA,NA,NA,NA,NA,NA,NA,NA,NA,NA
455,98,2,46,10.2,5.09,1.74,150,6.26,5,3,12.7,2.1,NA,NA,NA
456,87,2,22,7.6,3.14,1.14,124,4.24,5,3,14.4,1.7,149.051771451936,98.949,89.0388814124843
457,79,3,19,11.2,3.32,0.95,96.2,5.91,4,2,19.4,2.4,176.01789736327,96.961,91.135109108888
458,86,1,21,6.5,2.76,1.22,103.3,5.38,5,3,11.5,1.7,200.493712505232,116.976,91.8616054455323
459,89,0,21,5.5,3.25,1.51,85.7,5.27,5,3,11.8,2.3,246.653116180934,193.576,132.867147224598
460,88,5,22,14.4,3.69,1.31,142,6.15,6,3,14.2,1.6,133.64394557506,82.912,78.7785533917162
461,101,6,53,13.2,5.08,1.08,122,6.51,4,2,30.1,3,200.222280212501,92.627,91.8924614468742
462,82,2,19,11,2.29,0.99,84.5,4.87,4,1,35.6,1.9,174.691104477612,115.892,90.583949088373
463,85,0,21,8,3.07,1.31,105,5,5,3,20.5,1.9,204.062508314381,116.239,108.998537913326
464,105,4,24,12.4,3.61,2.27,101.2,5.64,5,3,20,2,171.966469539103,119.498,116.775727430891
465,89,0,21,8.9,4.23,1.27,128.5,4.54,5,2,23.7,1.9,NA,NA,NA
466,92,7,22,11.7,3.02,1.85,93,4.94,5,2,13.7,2.2,162.328732060494,71.156,73.6116219123506
467,NA,NA,NA,NA,NA,NA,NA,NA,NA,NA,NA,NA,NA,NA,NA
468,106,4,44,8.2,4.71,2.31,102.8,6.75,6,4,15,1.7,169.064090904464,96.616,108.573913401022
469,89,4,19,9.4,3.54,1.44,111.1,5.43,6,3,13.1,2,176.832706076385,109.523,106.884200352399
470,89,3,21,10,3.46,1.64,116.4,3.97,5,2,16.3,1.9,171.203049573436,117.995,94.8580339632046
471,85,4,19,6.3,3.09,1.14,99.8,4.45,5,3,18.2,1.6,241.315486207908,165.235,138.903795262799
472,85,5,22,11.5,3.01,1.1,115.6,4.54,4,2,24,2,92.340515919595,60.127,59.8134832573495
473,89,2,21,9.8,4.1,1.37,124.6,4.88,6,2,12.6,1.8,128.788654159981,68.731,65.7048395414174
474,87,2,21,4.1,3.13,1.36,114.6,3.9,5,2,15.2,1.7,105.235923046556,57.714,55.8195619352148
475,82,0,21,8.9,2.63,0.78,74.3,5.94,4,3,17.8,2.2,196.761930245143,133.966,95.334789757541
476,116,5,22,10.6,5.38,3.23,67.5,9.04,6,2,15.8,2.1,147.385274815682,117.695,82.3287924562299
477,89,1,22,7.6,3.5,1.46,109.8,4.54,5,2,17.7,1.9,NA,NA,NA
478,87,2,21,4.4,2.47,1.36,69.7,3.36,5,3,14.6,1.8,129.029267349068,92.62,89.0672110385097
479,81,3,21,8.3,2.26,1,102.7,4.35,5,2,15.7,1.8,103.029350448884,68.994,66.7610608529777
480,78,-1,21,7.5,1.43,0.33,60.8,4.45,2,1,28.7,1.9,170.047168336212,140.189,106.083201197126
481,88,1,24,7.6,3.19,1.36,88.3,6.29,6,3,13.7,1.9,155.151425694762,104.972,92.9303564210913
482,128,12,94,5.1,0.25,0.2,21.8,3.93,5,2,10.5,1.1,125.934096150101,108.191,98.4584025141827
483,88,2,19,6.5,3.51,1.37,91.6,5.28,5,3,16.5,1.8,NA,NA,NA
484,95,2,21,6.5,3.23,1.76,73.1,6.19,4,2,17.9,2.1,200.194362780713,81.582,90.8192498450741
485,87,3,24,8.7,2.39,1.08,91.8,3.9,6,3,10.4,1.7,132.012274849843,75.159,77.9246025302377
486,92,3,21,8.1,2.12,1.52,62.1,4.93,4,2,19.2,2.3,168.797119296569,80.465,77.1733395219124
487,95,2,21,9.9,3.34,2.3,90.1,5.72,5,3,26.7,2.2,146.626442608569,94.584,94.3191897949635
488,84,5,21,10.6,3.31,1.27,97.3,3.07,5,3,17.6,2.1,167.921831149736,114.615,94.0321183855345
489,93,-2,28,11.5,2.89,1.24,90.1,4.65,5,3,17.4,2.3,157.196309250778,118.925,104.138701595753
490,81,4,19,4,2.74,1.09,77.1,4.96,4,2,23,2.1,174.263125731876,109.511,99.9924141061166
491,109,5,23,8.2,4.32,3.08,94.3,7.44,6,3,11,1.6,169.27357372298,115.035,97.5069767453664
492,112,4,53,12.4,4.41,2.57,108.8,7.32,5,3,20.1,2.6,153.807602690583,96.95,98.230027304602
493,89,0,21,5.7,3.01,1.45,88.9,5.24,4,2,24.2,1.9,189.09344318671,89.896,78.2598218800979
494,88,2,20,10.2,3.21,1.49,96.4,4.75,4,2,22.2,2,150.015999956134,99.48,94.8952869870082
495,88,1,21,7.9,2.78,1.25,94.3,4.78,4,3,16.5,2.4,177.682546373739,113.312,103.167856826966
496,85,3,21,7.4,2.92,1.12,98.2,5.65,5,3,15.1,2.4,209.231979495268,108.063,112.379725934077
497,103,4,21,4.7,4.94,1.81,101.3,5.67,5,1,28.6,2.4,202.038641929376,146.405,107.559810082931
498,88,2,21,11.1,3.05,1.5,103.5,5.03,4,1,22.9,1.9,225.082294385144,127.857,122.298000358926
499,88,6,30,9,2.78,1.65,86.7,4.77,6,3,10.6,1.7,177.685726071063,91.754,92.4059896039636
500,94,0,22,7.5,3.8,1.23,75.5,4.01,5,3,19.7,2.1,166.64108481529,111.951,69.0068427661674
501,93,-2,28,9.2,3.46,1.17,80.3,5.8,5,3,17.5,2.1,158.684132095754,121.502,75.0790618910316
502,88,0,21,7.2,4.18,1.65,107.7,5.27,5,2,26.3,2.1,163.219163145197,100.642,103.135335211286
503,87,2,20,7.8,3.01,1.44,101.6,3.21,5,2,21,2.4,230.229888294065,164.243,142.438158674164
504,92,6,21,9,2.74,1.73,97.3,5.74,4,2,16.8,2.2,239.269173634209,118.148,101.757378884462
505,82,5,20,8.6,2.06,0.95,81,5.18,4,2,28.6,1.9,178.312755324587,96.492,85.9131240728254
506,87,-1,21,5.1,2.91,1.02,71.5,3.53,4,2,25.9,2.3,186.934794881337,125.546,112.901027208271
507,86,0,21,4.5,2.6,1.1,88.5,4.63,6,3,16.4,1.6,250.116613309771,192.376,138.470257676277
508,88,4,21,9.4,2.9,0.97,108.2,5.64,5,3,18.3,1.7,NA,NA,NA
509,87,0,20,3.1,2.25,1.11,78.7,3.88,5,2,17.7,1.8,217.317486587845,122.509,121.21170147742
510,89,2,21,6.6,3.41,1.48,101.4,4.75,4,2,27.6,1.9,176.051077642547,113.005,101.824122972177
511,92,1,22,9.8,3.19,2.07,110.8,5.14,4,2,24.5,2.4,218.328722137489,110.182,95.438772749004
512,82,6,21,9.5,2.22,1.01,113.8,4.95,6,3,14.9,1.6,121.99803761026,64.774,68.8421317773959
513,92,2,21,7,2.83,1.27,109.4,4.7,5,3,18,1.8,179.319916113857,69.916,73.7791007968128
514,85,0,21,7,2.92,0.89,85.1,4.36,5,3,20.5,2.1,196.683486476903,117.054,108.565128386522
515,88,0,24,8,2.69,1.45,90.7,5.23,5,2,17.3,2,157.835935575377,80.443,81.9767720499164
516,88,6,21,11.5,2.92,1.8,126.6,5.52,4,2,23.7,1.8,138.277777620585,104.542,99.0749603243726
517,86,2,21,9.5,3.22,1.3,117,4.69,5,2,17.4,2.1,156.930302915872,89.177,92.3494971267911
518,89,0,22,9.4,3.19,1.31,95,4.82,5,2,14.3,2.3,171.104359390287,102.628,96.5144386895052
519,92,3,21,10.6,3.69,1.32,127.2,5.58,4,2,20.2,2.2,187.280677980117,100.509,84.539619123506
520,85,0,19,6.1,2.64,0.96,96,4.75,5,3,18,1.8,177.858438118993,112.954,107.046216003773
521,123,6,21,10.9,4.15,4.41,67.9,10.71,5,3,13.8,2.3,150.675443897892,131.65,78.2581008417007
522,82,6,21,11.6,3.02,1.61,116.2,6.03,5,2,22,2.1,121.216444027943,59.375,62.5778249494268
523,89,0,21,4.5,3.06,1.09,94,4.31,4,2,21.2,2.1,142.124037979885,111.455,96.5603844820554
524,88,-1,21,5.2,3.54,1.54,92.3,5.06,5,3,16.1,2.1,167.935691288572,123.581,115.911376446393
525,92,4,22,12.2,4.23,1.77,112.5,7.09,4,2,24,2.7,NA,110.307,NA
526,81,4,21,9.6,3.51,1.44,103.2,5.35,6,3,20.2,2,148.69134346723,109.617,88.752816758619
527,91,-2,22,6.2,4.78,1.38,101,6.14,5,2,14.8,2.4,173.24624053682,122.712,110.149306809232
528,95,5,28,12.5,3.92,3.58,91.5,5.88,5,3,18,1.7,160.191647952444,87.513,70.4414056221301
529,88,4,21,7.3,3.68,1.48,101.6,5.38,5,2,18.4,2,180.441288955095,126.246,112.150089685508
530,95,-1,21,5.4,4.5,1.88,101.2,4.9,5,2,24,2.4,115.620791611625,70.994,71.7310840855639
531,86,7,22,13.1,3.16,1.11,125.1,4.76,4,2,22.4,2.3,194.076782569874,128.971,99.9508095296816
532,82,3,21,7.1,3.88,1.42,94,5.48,6,3,12,2.1,200.196262225251,99.075,83.8448366824005
533,95,2,21,11,4.29,2.08,110.8,6.53,4,2,19.8,2.4,144.930073645971,90.423,79.7557500802628
534,106,3,61,10,4.67,1.87,94.3,6.95,6,4,9.8,1.7,151.176073363134,96.497,100.499661905838
535,97,10,22,10.6,3.21,2.1,116.1,4.55,5,2,20.3,2,217.817161180383,147.933,108.055524912855
536,81,4,19,6.3,1.98,0.65,78,5.06,5,2,20.8,1.9,182.638208955224,119.113,74.3731252366245
537,88,4,22,10.2,2.85,1.22,111,4.31,5,2,23.3,1.8,203.809303169002,141.701,132.478251022813
538,89,0,21,5.8,3.53,1.51,82.8,6.11,6,3,16.8,1.9,167.068236126874,133.956,117.52815924642
539,115,0,70,4.2,6.15,1.11,96,6.06,4,3,27.8,2.8,123.118470434998,74.081,71.2506377326019
540,114,6,21,12.4,8.02,3.88,92.4,8.61,7,4,17.5,1.9,128.319496512781,71.132,69.0057346760217
541,107,2,22,9.6,3.99,2.06,74,5.81,5,3,20.3,2.3,102.34244725102,59.729,53.3820226320617
542,81,5,20,10.5,1.9,0.52,86.7,4.38,5,2,31.9,1.1,195.483343283582,140.039,107.03315412972
543,88,2,21,7.6,3.07,1.27,100.8,4.88,6,3,10.3,1.9,156.140920009321,98.325,99.3813865025287
544,82,4,21,8.3,2.38,0.9,67.5,5.81,5,2,18,2.5,181.784179587664,118.524,69.231319622387
545,89,0,24,6.3,3.55,1.25,76.6,5.17,4,2,23.8,2.2,226.081327932975,174.305,117.05464978903
546,86,3,20,9,2.93,1.52,101.1,5.22,5,3,17.9,1.8,200.4620407199,97.501,100.05478644536
547,NA,NA,NA,NA,NA,NA,NA,NA,NA,NA,NA,NA,NA,NA,NA
548,82,-5,29,4.9,3.74,0.82,84,4.62,5,3,22.4,2.2,192.86358698245,118.498,95.3362377612947
549,87,2,20,8.7,3.07,1.12,106.2,5.72,4,2,38.5,2.6,142.354880464236,75.024,79.7409187345128
550,83,3,25,7.1,2.88,1.28,88.6,4.79,5,3,14.4,2.1,135.570054332966,89.51,76.4335259531195
551,98,6,36,9.5,4.06,1.68,93.4,6.37,4,1,23.1,2.9,185.821847777957,113.561,113.032668704297
552,101,4,36,10.1,4.4,2.27,98,6.26,6,2,13.8,2.2,181.57977485407,70.644,74.1919452810572
553,82,7,21,8.2,1.81,0.7,98.4,4.69,6,3,16.3,1.5,149.873913102743,94.914,77.8542194200944
554,82,4,21,8.5,2.75,0.85,97.2,6.22,5,3,21.4,1.9,227.790672686999,186.54,111.634415643965
555,82,4,22,9.6,2.42,0.92,105.4,4.75,6,2,10,1.4,169.528351507923,100.759,84.1945869184086
556,89,0,20,6.6,2.87,0.9,104.7,4.53,5,2,14.9,1.9,188.770427524479,125.306,115.594122171426
557,96,4,21,9.9,2.76,1.3,96.5,4.96,5,2,24.8,2.1,143.863769678923,96.47,84.263432028961
558,86,0,21,6.9,2.8,1.14,78.9,4.26,4,2,21.2,2.1,195.518592616202,150.344,133.414317108457
559,86,0,21,8,2.93,1.12,116.5,3.74,4,2,26,2,194.124959515526,139.235,117.688259058678
560,89,3,28,5.9,3.87,1.51,99.8,5.14,5,2,17.3,2.3,183.031363127813,104.587,104.102425325645
561,119,4,61,12.2,3.67,1.41,114.9,4.59,6,4,13.9,1.9,NA,NA,NA
562,82,8,20,10.4,2.66,0.72,109.2,4.53,4,2,27.7,1.9,177.304497346072,123.412,81.4064587803768
563,81,5,22,8.8,3.42,1.18,91.8,5.1,6,3,13.9,1.8,169.869074626866,111.461,82.2956879545681
564,82,4,22,7.5,2.43,1.32,80.6,4.79,4,2,28.5,1.9,162.447309860816,89.192,76.0148057862953
565,95,10,28,10.4,2.77,2.01,90.7,4.43,5,3,12.4,1.9,152.677901293536,91.153,68.8231009258957
566,89,0,20,9.1,5.92,1.71,125.6,6.42,5,2,24.7,2.9,241.167451730688,172.637,121.450458560194
567,86,2,21,8.6,4.11,1.47,106.5,5.09,5,3,21.2,2,154.703097725899,97.22,91.2287459491454
568,82,4,21,8.5,2.05,0.71,98.4,4.1,6,2,12.2,1.7,198.907343654164,125.602,95.2062774088805
569,87,3,20,9.5,3.06,1.16,125.3,4.47,5,2,16.7,1.8,78.9305449952662,65.225,71.8386146691562
570,88,4,23,11.4,3.51,1.36,106,6.01,5,2,21.3,1.9,172.628650976998,101.735,103.904955669567
571,89,5,21,10.6,3.74,1.59,129,5.11,5,3,14.6,2,209.8383685831,124.204,107.801164097498
572,82,6,24,9,2.55,0.81,109.8,3.38,5,3,22.1,1.5,180.037309978769,138.014,79.9296146993892
573,83,3,21,9.3,3.06,0.7,113.6,4.76,5,3,19.5,1.8,90.4897531201764,44.77,48.0450620362009
574,91,0,21,8.8,3.39,1.09,103,4.04,4,2,25.1,2.3,161.142771444735,81.768,89.1316580465708
575,88,4,22,13.1,2.8,1.29,106,4.29,4,2,33.3,1.9,144.731134882327,87.585,91.1230118492604
576,88,3,21,12.4,2.83,1.85,85.2,5.19,5,2,19,2.5,123.590233297826,70.875,77.2950576800626
577,89,6,20,14.1,3.7,1.87,117.5,4.45,4,2,18.9,1.9,199.840387785015,136.795,106.733271826445
578,NA,NA,NA,NA,NA,NA,NA,NA,NA,NA,NA,NA,NA,NA,NA
579,81,8,21,9.5,2.78,0.8,104.4,5,5,3,14,1.9,138.194089552239,73.043,73.0484843080602
580,95,1,21,10.6,4.61,2.07,98.9,5.05,5,2,21.7,2.5,162.182746458662,89.434,73.5258921911232
581,112,5,22,12.8,5.07,3.29,113.1,7.33,5,2,33.7,2.1,136.394330717489,78.696,70.2726187387146
582,95,0,23,6.7,4.16,1.05,86.2,5.61,4,3,27.5,2.2,146.759225928128,81.307,78.2882356543323
583,101,1,NA,8,5.66,1.31,145.3,6.75,4,2,29.2,2.4,175.54197741195,81.752,82.9486361349611
584,79,7,19,9.1,2.79,0.59,97.4,3.91,4,2,30.7,1.9,127.929806908463,69.179,70.6594329746163
585,88,7,21,12.1,2.57,1.02,112.3,4.72,5,2,21.1,2,167.262503212277,116.139,100.994852736894
586,84,1,21,7.8,2.56,0.89,105.3,3.9,5,3,17.3,1.8,146.446429400663,107.485,101.868213488944
587,112,3,39,9.6,5.64,2.83,126,7.61,6,4,18.4,2.1,74.6536486547085,34.064,32.3078560823915
588,81,7,21,7.1,2.01,0.72,82.6,4.68,5,2,15.6,1.9,172.34871641791,109.761,84.5223849755903
589,95,1,21,10.5,3.33,1.58,108.3,5.09,4,2,26.5,2,107.604646552961,56.644,60.1174857686404
590,88,2,19,9.3,2.39,0.72,110.8,4.6,5,3,21.4,1.7,162.722879985016,121.291,110.579834058393
591,106,2,21,13.2,5.41,2.63,133.2,5.87,5,3,20,2.2,162.174194243933,107.447,102.997011040022
592,93,3,21,10.7,3.69,1.55,124.5,4.81,4,2,24.7,2.2,92.5160468640179,63.824,62.3535856589865
593,81,6,21,10.1,2.69,0.9,126.8,4.23,5,3,20.6,2.1,137.041611940299,75.276,74.3451335060277
594,92,0,39,7.1,4.9,1.86,114.9,6.66,4,2,21.6,2.5,97.8047186644371,59.979,53.1280239043825
595,95,4,30,12.5,3.92,2.12,63.3,7.68,6,3,23.4,1.8,195.730341300916,120.832,87.3768172539926
596,89,0,21,7.4,4.56,1.74,130.7,6,5,3,19.7,2.3,144.839677990651,81.391,84.5104905695054
597,85,4,21,8.9,2.93,1.21,93.6,5.27,5,2,13.3,1.8,153.245152043137,101.938,80.6032872713934
598,82,1,22,10.5,2.55,0.92,106.4,4.73,5,2,27.3,1.9,100.029311394197,46.813,48.7902400419197
599,NA,NA,NA,NA,NA,NA,NA,NA,NA,NA,NA,NA,NA,NA,NA
600,87,3,21,9.6,3.59,1.02,121.4,4.94,5,2,16.8,2.3,149.237309792367,84.767,92.6721328164585
601,87,4,22,9.3,3.88,1,120.2,3.6,5,2,11,2.2,159.392239675492,108.853,94.7363851226132
602,89,0,22,9.8,3.65,1.22,128.6,4.23,5,3,14.2,2.2,141.845009913184,92.744,86.4632349621325
603,95,4,22,13.3,3.74,2.96,92.8,7.05,5,1,19.4,2,161.621472930034,59.522,70.9999628090401
604,87,0,21,3.6,3.76,0.98,101.8,3.94,5,2,27.3,2.1,166.994884643009,95.848,99.2271217941154
605,89,0,21,3.5,4.41,1.36,83.7,5.19,6,3,11,2,174.205255669942,116.171,111.653542787567
606,87,2,21,10,2.81,1.24,96.5,4.84,6,3,26.5,2,168.664324581307,126.548,120.373006288566
607,89,0,21,8,4.74,1.3,137.1,5.06,5,2,19.3,2,190.118295598296,109.436,102.019104905873
608,93,3,24,8,3.66,1.46,115.7,5.52,5,3,14.1,2.1,184.54712740315,133.043,94.8809664841415
609,109,6,23,12.9,4.28,3.01,96.1,6.25,4,2,27.2,2.6,125.011844238964,54.884,56.5590269767284
610,79,10,21,11.2,2.82,0.99,120,4.56,3,2,28.3,2.1,NA,78.078,NA
611,93,2,21,10.8,3.34,1.39,102.4,3.42,4,2,23.3,2.1,162.12728048125,91.6,92.9073993774744
612,93,3,21,7,2.6,1.16,86.7,3.82,5,2,14.2,1.9,206.034173667673,132.762,104.809276106835
613,83,4,21,9.2,2.56,1.4,73.2,4.69,6,1,13.7,1.8,161.14655255823,77.209,80.2125035299574
614,92,3,23,9.3,3.89,1.58,123.7,5.5,4,3,18.8,1.7,121.152710542274,71.563,60.5501298007968
615,81,5,21,11.4,3.64,0.86,104.4,6.24,4,1,33.7,2.2,187.311884030521,98.875,83.4967994940817
616,84,0,21,8.2,3.05,0.94,106.2,3.87,5,3,16.5,2,128.436133340422,91.187,74.0103242886771
617,92,3,22,11,3.04,1.61,95.5,5.73,5,2,19.7,2,124.113879031448,78.939,72.6858544005131
618,83,4,21,9.9,3.13,1.19,83.7,4.77,5,2,19.7,2.4,159.859702017347,104.952,81.4462671688196
619,109,5,22,11.6,4.14,3.26,99.2,8.41,5,3,27.8,1.9,179.809672106543,111.383,114.236178136076
620,92,2,22,10.9,3.86,1.38,114,5.14,4,3,23.5,2.3,111.032390033156,65.624,65.6833965272369
621,88,2,21,9.5,3.09,1.29,94.1,4.62,5,2,17.7,1.9,145.625054770787,117.133,102.537123379827
622,82,-3,21,9.3,2.93,1.14,104.3,5.35,5,2,14.5,2.1,189.007201462609,101.791,88.5984550350906
623,85,8,21,6.5,2.94,1.36,62,4.97,5,1,15.5,2.2,198.034799480922,150.705,98.9803240443422
624,85,4,22,8.2,3,1.34,101.1,5.39,5,2,17.6,2.1,146.663646302574,88.628,84.1955462539263
625,89,0,21,5.3,3.36,1.48,111.9,4.72,6,4,13.1,1.5,125.528180198787,80.956,78.8291234402141
626,85,4,21,8.4,3.25,0.94,124.2,4.17,5,2,17.3,2.1,181.093864214794,129.27,108.469520828047
627,92,1,21,10.9,3.15,1.58,116.2,4.62,4,2,25.2,1.8,94.6487877022003,53.833,61.8101204929674
628,94,3,NA,11.4,4.51,1.49,109.8,3.93,5,2,16.3,2,126.93449715831,84.957,82.8737331599246
629,85,2,21,8.5,3.36,1.14,112.6,5.21,5,3,16.2,2.2,125.200944049104,84.561,73.4698414295446
630,91,7,22,13,3.52,1.99,112.3,4.99,5,3,19.7,2,156.110623777198,82.904,88.8103127711992
631,90,2,21,7.1,3.45,1.53,135.7,4.53,5,2,14,2,87.7917630244395,52.5,54.0478018933452
632,98,7,29,12.6,3.6,1.29,110.2,5.93,4,1,26.1,2,149.028765376612,95.315,93.2103434984199
633,81,3,24,6.8,2.6,0.89,94.3,5.14,5,2,16.9,2.1,147.701278809807,70.794,76.0193826431102
634,85,3,21,8.5,2.85,1.14,95.5,5.03,6,3,15.6,1.8,211.979101994829,171.331,101.813017420139
635,87,5,22,7.8,2.99,1.61,95.1,3.67,5,2,20.3,2,171.75870729,129.61,124.786592235773
636,92,3,21,8,3.43,1.94,98.3,4.63,5,3,17.9,2.1,128.054976790917,60.27,67.0947078389151
637,85,2,21,11.9,2.7,1,84.4,4.23,5,3,19.7,2.3,171.973305059,97.426,102.830216093724
638,79,5,21,7.5,2.26,0.9,86.3,4.24,5,2,22.2,1.9,179.084355392951,91.131,81.0336432727627
639,89,0,29,4.9,3.71,1.62,71.7,5.83,4,3,14.4,2.2,175.227874015748,88.676,82.0403146518943
640,79,3,21,8,2.61,0.98,76.2,4.84,5,3,13.7,1.9,145.611037360046,67.273,68.2762016139518
641,85,-4,22,5.8,1.89,0.45,78.2,4.45,5,1,20.5,2,172.9436228837,145.725,102.211699684145
642,91,3,27,8.1,3.78,1.75,114,3.68,4,2,26.5,2.1,118.465640826806,78.935,73.0961320829691
643,95,5,21,9.5,2.46,2.65,65.4,5.67,6,3,13.6,1.9,227.343382710482,165.225,108.4179830824
644,79,13,21,10.7,2.32,0.59,134.7,5.1,5,3,20.6,1.6,110.541898351154,59.278,63.6798751909762
645,92,3,21,11.8,2.94,2.01,86.7,5.26,5,2,13.5,2.1,127.449294484075,79.763,82.1293968021258
646,93,12,27,12.3,2.91,2.05,106.3,4.48,6,3,15.3,2.1,202.263588621987,127.715,116.875296793023
647,79,NA,20,11.1,1.79,0.77,97.4,4.58,5,0,21,1.8,130.936216915074,81.106,78.331318686409
648,92,-10,28,7.3,3.56,1.59,65.8,5.53,4,3,21.2,2.3,120.067671455842,66.231,64.7048746964768
649,NA,NA,28,NA,NA,NA,NA,NA,NA,NA,NA,NA,NA,NA,NA
650,91,-3,21,5.4,4.48,2.22,86,5.77,5,2,12.7,2,160.989623846823,95.832,98.7075488913614
651,89,5,21,12,3.72,1.85,103.3,6.88,5,2,17.3,2.7,216.688335613786,123.947,113.46404454251
652,90,8,19,11.5,2.87,2.28,77,5.26,5,2,14.4,2.2,158.552298458026,85.909,75.2947595857429
653,79,6,19,10.6,3.43,1.33,108,4.43,4,1,21.7,1.8,NA,NA,NA
654,88,0,21,8,3.67,1.36,102.2,5.09,5,2,15.6,2.1,152.01357179203,110.804,104.659367627932
655,87,0,21,6,4.02,1.39,73.2,6.06,4,2,14.9,2.4,209.407952180797,150.87,138.240925862943
656,91,4,21,9.8,3.79,2.02,98,4.96,4,2,21.4,2.3,92.1307709051349,54.932,57.3551726217913
657,NA,NA,NA,NA,NA,NA,NA,NA,NA,NA,NA,NA,NA,NA,NA
658,94,6,21,16.3,3.55,1.54,86.8,4.58,3,2,33.2,2.9,132.064866908716,80.761,74.177875297442
659,103,1,57,13,3.53,1.14,83.9,5.25,4,2,29.7,2.5,118.144796022545,64.505,64.021051361102
660,86,8,21,14.2,2.5,1.53,56.3,3.94,5,1,20.6,2.4,173.888102874396,91.417,85.9249692756977
661,90,5,21,12.4,3.84,1.88,77.3,6.08,5,3,16.5,2,173.011801714136,82.422,79.871991251278
662,114,10,42,14.3,5.45,2.57,115.3,6.79,4,2,23.3,2.3,123.413165755591,83.609,68.739583884374
663,86,3,21,12.8,1.85,0.62,82.4,3.1,5,3,34.5,2.3,198.680807107202,178.732,102.627775301004
664,86,0,30,6,3.67,1.31,120.6,4.69,5,3,10.3,2.1,118.650805151587,78.419,67.2747372293342
665,85,8,21,7.7,4.03,1.31,89.3,6.79,5,2,16.3,2.5,157.046903819651,111.812,90.2652042732276
666,95,3,23,12,4.6,1.89,92.6,5.57,6,2,17.5,2.2,128.84792949099,51.301,58.6039437522453
667,91,4,29,10.8,3.65,1.95,67.5,4.79,4,2,17.4,2.4,146.48839278503,94.038,80.9661159103553
668,88,0,20,8.1,4.11,1.64,127.1,6.31,6,3,12,1.8,184.341485615991,119.376,108.720561889116
669,109,7,21,12.5,4.87,2.96,113.1,6.15,5,2,15.1,2.1,80.2629700070414,32.63,30.3047910624977
670,86,0,22,3.7,4.38,1.4,139.7,4.96,5,2,16.7,1.9,173.009272251875,109.976,102.353188597535
671,91,3,21,9.6,4.63,2.53,133.8,5.73,5,2,15.6,1.9,142.691201279373,87.445,68.7907004768338
672,107,7,36,14.1,4.56,2.48,126.1,6.52,4,2,22.7,2.7,101.468455958024,79.494,58.1520769936293
673,106,5,48,10.4,3.61,2.58,98.1,5.43,5,3,20.1,1.9,151.047504482879,87.751,86.2295331722243
674,92,3,21,6.7,3.59,2.03,97,5.32,5,2,14.3,1.9,112.296829900533,55.727,58.5186425986164
675,102,3,22,11.7,4.16,3.18,95.7,6.53,6,3,17.9,2,166.845436591678,84.888,92.510245960653
676,94,0,21,8.7,2.76,1.55,87.5,4.45,4,1,21.6,1.9,96.9541368412329,62.197,66.1106718364893
677,86,0,21,7.1,3.27,1.09,106.2,3.62,4,2,29.8,1.3,169.992090285979,76.057,75.4516606238162
678,99,7,42,18.6,2.83,1.27,106.2,5.26,3,2,44.3,2.1,166.693072320899,83.095,82.9458324714019
679,89,0,19,10.5,2.81,1.59,68.4,5.04,4,1,32.7,1.8,159.562469601136,87.552,75.550482550115
680,94,0,21,9.4,2.22,1.3,5.87,3.93,4,1,17.1,1.8,93.9833514619632,58.704,52.6945846501338
681,91,0,21,6.6,3.08,1.88,97.7,4.35,5,2,17.4,1.8,155.190652036554,118.616,104.024623031074
682,83,3,21,11,2.59,0.96,102.9,5.21,4,1,24,2,114.422574961267,81.433,74.8473091253081
683,116,9,21,13.1,6.05,1.84,138,6,5,3,21.2,2.1,142.876722336487,112.161,98.4241637286405
684,86,-5,21,4.4,3.46,1.01,115,3.18,5,2,21.7,2,225.445885485469,130.886,113.40478033653
685,86,-6,36,9.8,3.06,1.17,69.7,4.64,4,2,25.6,2.1,185.885806225231,103.67,101.836372824901
686,85,2,21,10.6,2.42,1.03,77.6,4.31,5,1,13.1,1.7,152.64460109023,103.537,78.9754397008479
687,87,-2,21,5.5,3.05,1.25,85.6,3.93,4,3,16,2,118.791865666243,76.938,80.6988599849237
688,93,4,21,13.2,3.33,1.9,104.9,4.1,5,2,18.4,1.9,181.67221102245,111.416,89.4382984419226
689,86,0,21,6,3.72,1.17,92,4.99,5,2,19.6,2.1,249.439347754293,148.844,128.574398437949
690,83,1,21,5.9,2.72,1.14,111.4,4.62,6,3,15.9,1.7,146.25600587662,59.201,64.063553095369
691,92,1,21,9.9,3.61,1.8,109.1,5.28,5,3,17.4,2.1,146.022511202652,71.139,75.7808686489211
692,112,4,39,12.9,4.54,2.8,137.9,5.82,4,3,22.3,2.1,162.019962443946,158.443,99.7127869992644
693,85,3,24,8.5,2.53,1.23,96.1,4.19,4,3,19.1,1.8,152.274219997455,107.26,98.2425040080055
694,85,1,24,8.4,3.66,1.33,142.2,3.73,5,3,17,1.9,181.721586041234,117.345,126.799889829884
695,117,2,25,10.5,7.37,3.44,97.4,7.3,6,4,14.4,2.2,131.015210960985,87.456,75.2415178834199
696,86,0,21,6.1,3.88,1.38,127.8,6.07,5,3,19.8,1.7,214.483784937728,123.878,95.6486056410304
697,100,5,26,6.6,3.44,2.01,84.3,5.12,5,1,22.6,2,103.150273783125,48.619,47.3002046250984
698,97,5,21,11.2,3.11,1.71,130.6,5.05,4,3,19.1,1.9,196.913529990564,147.135,112.149492182723
699,88,3,21,10,3.2,1.07,113.1,5.19,5,3,18,1.7,166.158390435013,107.328,104.776388572454
700,97,4,21,15.1,4.13,1.9,93,5.19,3,2,26.7,2.7,107.599593663824,57.586,50.2846797894219
701,83,3,21,14.4,3.23,1,142.7,4.21,4,2,27.5,1.2,242.372096582889,211.097,124.124820681101
702,85,0,21,7.6,4.32,1.75,110.4,5.61,4,3,23.7,2,111.588167331269,72.517,71.1226980776321
703,90,2,41,7.9,3.26,1.95,73.8,5.81,4,2,21.2,2.7,190.993692877727,105.312,91.4483197536934
704,87,2,21,9.2,3.05,1.18,111,3.34,5,2,12.3,1.8,177.388976706801,104.387,107.264744394967
705,88,3,21,7.4,2.81,1.25,117.9,5.09,5,2,17.7,1.8,175.354059964507,131.593,114.144619993849
706,92,3,31,10.4,3.88,1.18,108.1,5.27,5,2,14.3,2.1,76.7332878529087,37.771,37.1240362853347
707,86,0,21,9,3.75,1.16,112.4,5.14,5,2,18.6,2.1,284.12887590819,174.407,134.779040946419
708,90,0,22,8.5,3.06,1.24,96.4,4.87,4,2,25.5,2.2,155.420041356338,64.574,74.2671032833072
709,94,3,22,5.5,2.77,1.25,94.4,4.98,5,2,17,2.1,146.69529195222,69.475,69.0854958915824
710,95,14,21,9.1,4.63,2.47,96.5,6.38,6,2,16.7,2.8,114.163955843464,55.008,60.166043714687
711,93,4,21,10.6,3.72,1.7,124.8,2.86,6,3,11.7,1.7,147.793206205813,80.794,85.8952847304888
712,85,4,21,9.5,3.29,0.99,107.2,3.57,5,2,12.8,1.9,124.638410639291,101.14,90.9919223679359
713,89,3,21,9.3,3.28,0.95,119.8,5.19,4,2,24.7,2,114.516735529775,70.626,69.144530675013
714,107,-2,42,3.7,4.61,1.7,88.9,6.34,6,2,9.2,1.6,168.402555144356,121.086,109.523194355618
715,93,4,30,9.8,2.54,2.45,61,5.61,6,3,14.5,1.5,151.354501839831,83.364,86.2398910492113
716,91,0,21,11,2.74,1.86,83.5,3.74,5,2,15.2,1.4,98.9887420626632,64.497,66.0543066041485
717,NA,NA,NA,NA,NA,NA,NA,NA,NA,NA,NA,NA,NA,NA,NA
718,88,3,19,5.1,2.3,1.36,83,4.1,5,1,14.5,1.4,164.254807648922,126.123,109.291592893096
719,93,2,21,6.7,3.43,1.19,111.2,3.4,5,2,17.2,2.3,155.27811570265,83.072,86.3339618548792
720,90,0,20,8.4,3.36,1.47,103.9,5.79,4,1,26.5,1.9,178.118255221004,74.171,82.079722397821
721,91,0,21,6.8,2.61,1.25,76,3.51,5,2,17.5,1.9,115.882768572672,76.209,76.2947077406024
722,85,4,19,10.1,2.64,1.32,115.8,3.81,5,3,18.8,2,149.887434575574,97.398,96.2859978511613
723,83,NA,21,NA,2.92,0.85,89.4,3.99,5,3,17.7,1.4,173.379088104665,111.896,82.31485009656
724,132,1,79,8.8,3.14,1.25,80.1,7.22,5,2,22.6,2.4,91.1259903969353,47.732,47.5832294894057
725,87,2,21,7.3,2.95,0.96,68,4.06,6,3,14,1.8,160.686432989856,100.061,92.0501911500711
726,86,0,21,6,2.77,1.07,93.7,5.27,4,3,20.2,1.9,182.366150511889,94.093,82.7122816286682
727,89,0,21,5.5,2.86,1.53,79,5.45,5,3,16.3,1.8,175.609765844843,102.2,94.3093134031266
728,93,0,21,8.8,2.81,1.43,65.7,4.56,4,2,20.2,2,180.843862178018,73.419,87.2741419858283
729,100,-1,57,12.5,2.65,0.92,84.8,5.93,4,2,23.3,2.6,136.875095349905,61.517,65.2386774047491
730,91,6,21,9,3.83,1.39,102.3,3.09,5,2,15.7,1.6,93.7589145169713,57.546,60.4595266709052
731,103,7,21,14.4,4.49,2.31,136.9,5.59,6,3,17,1.7,182.499690041967,110.598,104.628613690671
732,109,2,23,6.1,2.85,1.64,45,5.67,5,3,21.3,1.3,91.5249571825349,57.08,49.3244559566207
733,83,0,22,10.5,2.77,1.27,82.5,5.53,5,2,22.4,2,172.107190000975,104.985,91.8251157070221
734,87,4,19,9,2.43,1.14,108.7,4.84,5,2,19.7,1.8,174.208129181603,95.425,102.895932848406
735,98,NA,21,13,3.39,1.41,79.7,4.51,6,3,17,1.5,110.319823652379,83.511,80.890403281739
736,93,4,21,10,3.35,2.2,112.5,5.33,5,3,16.5,1.9,166.965691611196,114.226,99.4894760556922
737,112,6,21,13.6,4.63,2.8,112.6,6.49,5,2,33,1.7,124.492836659193,78.395,59.4398107976421
738,103,2,21,4,2.59,1.73,51,4.3,4,1,23.6,1.9,165.230595721357,109.014,83.8491184369582
739,104,3,36,4.9,5.88,2.75,100.5,7.48,5,2,11.6,2.2,122.715666595526,67.733,65.4124963583648
740,86,0,25,10.1,3.63,1.2,124.2,4.97,5,3,16.7,2.3,161.010657199472,63.325,65.666426233274
741,82,-3,24,6,3.59,1.03,90.2,5.84,5,2,15,2.2,169.690819120075,69.984,72.0324840009277
742,102,9,21,9.8,2.73,1.56,97,4.96,5,3,14,1.7,198.904642188789,142.356,132.640404252825
743,NA,NA,NA,NA,NA,NA,NA,NA,NA,NA,NA,NA,NA,NA,NA
744,110,5,21,13,4.29,2.81,93.5,8.15,6,3,24.3,2.1,175.611418790001,104.855,91.410372395591
745,91,2,21,4.6,4.61,1.94,125.4,3.11,5,3,15.5,2,97.3777819565156,50.769,49.4556387153097
746,88,0,22,10.4,3.66,0.79,114.5,5.06,4,2,21.2,2.1,163.067676406488,127.919,90.4871122713054
747,91,3,21,9.1,4.39,1.85,119.5,6.7,5,3,12.8,2.35,114.198519355173,55.818,62.8979847224775
748,89,0,22,8.3,3.65,1.58,105,5.39,5,2,16.7,1.8,141.298856847812,87.121,84.6190429369513
749,85,-6,21,2,2.98,1.06,96.2,4.12,4,2,20.3,2,135.38670441819,91.213,92.9730903670932
750,93,-1,25,3.4,3.51,1.01,104,3.04,4,2,15.2,2.1,134.854394674825,90.239,83.7431750742886
751,83,2,19,6.4,5.48,1.71,103.8,3.65,5,3,17.5,2.2,127.651092086541,76.301,68.7559925450048
752,98,-4,32,4.5,5.2,2.3,115.8,6.8,6,3,18.2,2.3,197.034700427202,110.068,117.75605623771
753,89,0,21,11.2,3.49,1.67,107,5.32,5,2,16.5,2,135.937812314444,78.944,79.7147670438007
754,98,7,21,9.6,3.23,2.06,112,5.27,6,3,13,1.7,179.429802792143,98.414,86.3396997634863
755,89,0,21,7.5,3.51,1.61,108.1,5.11,5,3,18.4,2.1,129.136554020911,81.28,76.0001470729074
756,95,11,22,9.8,2.62,1.82,126.4,4.38,6,3,15.5,1.7,131.42886760214,95.237,78.0921714948235
757,137,NA,66,11,3.93,2.3,28.7,8.25,7,0,22.4,2.3,49.4406429697592,40.333,39.4153289986198
758,89,11,19,11.5,2.92,0.93,67.8,5.86,5,1,20.2,2.2,96.0198962791491,64.201,64.8751413862828
759,84,0,21,9.7,2.3,1.04,95.5,4.2,5,2,21.8,1.9,201.134318626616,124.214,113.067385157408
760,95,2,21,9.6,3.72,1.76,122.1,5.58,5,3,17,2.1,155.212111235896,96.49,100.130228918167
761,90,-2,19,5.2,4.24,1.14,104.5,5.12,6,2,15.4,1.9,139.595080279951,64.989,74.2801944463955
762,79,6,22,6.5,3.08,1.17,113.2,3.81,7,4,10.1,1.5,89.1082448338553,44.91,48.4347751519683
763,86,0,29,9.3,4.35,1.43,120.5,5.94,6,2,19,2.5,202.196083297824,74.09,78.7828211403353
764,86,0,21,8.6,3.33,1.32,92.1,4.66,6,4,14.5,2,186.200187830251,89.666,92.7746258542468
765,95,2,30,11.3,4.61,1.73,141.8,5.87,5,3,20.7,2.1,162.824187182019,90.839,100.402226722279
766,106,5,21,13.1,4.81,3.14,101.2,5.39,5,3,19.4,2.2,134.25182409473,80.847,62.7299374543621
767,86,0,21,4.7,4.07,1.11,112.3,5.55,5,3,16.5,2,155.997097919419,83.623,76.920091885373
768,86,5,21,9.5,3.47,1.06,131.4,5.72,6,3,15.2,1.6,111.086831480783,67.466,64.319856044561
769,104,4,21,13,3.89,2.62,80.9,7.68,5,2,17.3,2.4,171.666208583595,120.501,96.0743855051959
770,91,1,21,10.4,3.77,1.78,107.8,5.22,4,2,19.6,2.3,148.607685110029,66.339,68.7634369830913
771,91,7,23,11.5,3.13,1.47,106,5.15,5,2,18.2,1.8,148.569525033192,61.075,66.9917527568462
772,86,0,21,9.2,2.7,0.82,100.8,4.53,4,2,22.6,1.9,289.215843801361,235.817,129.81487405182
773,92,0,21,9.5,3.92,2.09,87.9,6.38,5,3,14.7,2.4,102.570969778737,59.9,59.8007345997263
774,108,5,39,13.4,5.67,2.96,149.3,7.08,5,3,24.6,2.5,131.868747319351,89.701,86.9204156981974
775,91,-2,25,9.4,3.86,2.3,109,6.17,5,2,11,2.2,179.227779706024,99.161,83.9482586151443
776,NA,NA,79,NA,0.01,NA,NA,NA,NA,NA,NA,NA,NA,NA,NA
777,108,7,46,13.2,4.25,3.02,114.4,7.2,5,3,19.9,2.2,124.273151943526,62.717,73.8256044867413
778,110,6,63,14.4,1.9,1.35,68.7,5.87,4,2,34.2,2.5,160.397555747235,82.171,73.3517243281196
779,113,2,46,14.2,5.34,3.27,136.1,6.38,5,3,19.4,2.4,145.748937361187,88.269,98.409255211751
780,109,7,42,17.4,4.7,2.68,105.6,6.82,4,2,38.1,2.4,157.42640635189,87.282,92.2229222674325
781,98,14,22,14.1,3.34,2.6,74.3,6.36,4,2,18.7,2.5,167.828241828997,121.986,78.9566208621424
782,85,4,21,10,4.16,1.24,135,3.53,5,2,21.5,2.2,103.769815604717,75.695,65.3209996734608
783,90,4,22,9.1,2.39,1.39,71.2,4.44,4,1,26.6,1.7,126.642289101389,70.627,73.362877947133
784,86,2,20,7.1,3.36,1.96,100.5,5.75,4,1,27.2,2,136.652461279051,68.283,59.5372415678445
785,90,4,21,8.3,3.69,1.45,121.3,5.46,5,2,12.4,2.3,199.115812670759,133.626,95.5084504772385
786,89,0,27,6.6,3.58,1.26,91.1,6.22,5,3,12.5,2.2,260.624815841655,148.283,131.554985319068
787,97,0,20,6.3,3.98,2.51,79.2,5.53,5,3,19.5,1.8,104.418299566655,61.312,56.4689033262135
788,88,-2,23,7.2,3.35,1.96,97.2,5.49,6,3,11.9,1.9,148.557353021056,81.923,80.7196591469704
789,97,0,21,10.2,5.18,1.62,104.1,6.59,5,2,19.6,2,126.023127442685,75.476,77.5541639728196
790,92,3,22,8.3,3.9,1.97,114.1,5.4,4,2,25.6,1.9,130.136959178167,77.121,74.8145653322775
791,93,7,21,11,3.83,1.12,97,5.36,4,2,19.5,2.3,205.521306123384,110.817,86.6265203157234
792,92,5,19,11.5,3.28,2.43,98.2,5.84,5,2,16.1,2,157.371676856064,102.357,100.289125844573
793,92,6,21,10.2,3.34,1.99,95.2,5.91,5,3,15.1,1.8,115.527986315627,60.933,64.5809008202577
794,109,5,39,12.6,6.58,3.15,101,7.46,5,2,22.3,2.2,184.050413769904,155.082,110.297444325074
795,102,6,28,13.2,4.8,2.08,139.3,5.88,4,2,25.8,2.2,122.733015291564,85.128,71.5765994809544
796,95,10,19,15.4,3.97,2.12,80,5.94,5,1,20.3,2.7,244.214351661604,146.722,133.512196707466
797,97,2,21,9.8,3.68,1.71,100.6,5.32,5,1,20.4,1.9,77.9205497804102,58.28,60.8457968729384
798,93,4,22,9,3.62,1.91,97.3,4.52,4,2,25.6,2.4,127.034376042717,57.603,64.4260114808503
799,88,2,21,8.9,4.7,1.37,163.8,6.59,6,3,11.2,1.6,141.750081761742,107.603,103.329064157464
800,86,3,23,6.9,3.9,1.29,104.7,6.83,6,3,13.8,1.8,167.580215744044,65.411,70.2721066440254
801,92,4,21,10.4,4.13,2.28,141,4.05,5,2,20.6,2.3,128.532327384165,72.776,76.259526126886
802,95,3,20,14.5,4.71,2.31,134.3,5.52,4,2,26.3,2.1,196.618552456039,124.393,107.196639666329
803,87,4,19,10.9,1.83,0.9,77.5,3.55,4,1,24,1.7,127.860994164644,79.965,73.317453213034
804,87,2,22,10.1,2.29,1.27,96.7,3.49,4,2,27.3,1.7,138.126550396258,73.699,70.5960456096177
805,109,5,57,15,4.37,2,124.7,5.13,4,3,29.9,2.6,189.235003709007,160.229,116.497229610956
806,89,2,26,4.9,3.96,1.72,102.1,5.4,6,3,15.9,2.3,151.099253904737,101.035,91.8811249800479
807,95,6,25,14.4,5.56,1.66,147.7,5.46,5,3,19.6,1.9,NA,NA,NA
808,86,5,21,10.7,2.89,1.31,113.5,4.97,4,2,24,2,138.081319689794,68.854,58.8750617471706
809,97,-7,22,3.2,3.23,1.85,77.7,5.31,5,2,22,1.9,148.771427152585,82.011,80.4991771836654
810,91,4,21,14,3.5,1.57,90.5,4.9,5,2,20.1,2.3,103.955905790073,54.995,59.7388919316302
811,87,5,21,10.5,4.45,1.49,111.6,3.64,5,1,19,2.1,210.546603541682,149.989,121.613258521616
812,NA,NA,20,NA,0.03,NA,NA,NA,NA,NA,NA,NA,NA,NA,NA
813,94,8,21,9.8,4.16,1.93,141,5.16,4,1,20.3,2.1,NA,NA,NA
814,89,6,19,12.9,4.17,2.2,129.4,5.69,5,3,20.1,1.6,249.475755026783,162.925,145.887269230471
815,98,1,21,11.2,4.08,2.44,121.8,5.24,5,2,19,2,161.296792081434,90.824,80.0402195137423
816,101,1,30,7.9,3.75,2.57,70.3,5.25,5,1,23.1,2.8,169.951374486784,70.509,66.3941039207137
817,86,2,21,5,2.54,0.84,109,4.2,6,2,11.9,1.8,137.348263650641,86.613,72.3765306916467
818,89,2,21,11.3,3.64,1.19,81.6,5.48,5,2,16.2,1.8,247.469852538738,141.378,139.692926037543
819,106,6,21,9.8,3.98,2.72,106.8,6.38,7,3,15.9,1.9,119.545138846242,58.374,57.1387353437185
820,89,0,21,7.5,3.67,1.77,110.8,5.8,5,2,24.2,2.1,204.663591155016,124.04,111.882236072483
821,94,6,24,10.2,3.76,2.21,114.3,6.6,4,3,25.2,1.9,168.919674855522,91.823,83.2222252379536
822,NA,NA,NA,NA,NA,NA,NA,NA,NA,NA,NA,NA,NA,NA,NA
823,94,1,22,7.8,5.19,2.52,113.7,5.85,5,3,20,2.3,173.413579917674,102.739,83.594219657349
824,86,0,21,5,2.81,1.06,108.6,4.99,5,2,14,2,175.46797223295,114.972,107.411152407406
825,92,3,21,10.2,3.62,1.95,94.9,5.61,4,1,19.5,2.2,166.982959062524,90.01,89.3536232323145
826,85,3,21,9.8,3.66,1.23,124.8,3.12,4,2,28.3,2.1,210.921475868056,132.807,141.0732186274
827,88,3,21,8.5,3.78,1.77,99.2,5.52,5,2,22,2.3,189.023226350928,134.741,124.555471602434
828,103,5,21,13.5,3.27,2.7,88.8,6.41,6,3,16.5,1.7,186.241645051988,119.79,113.546591182121
829,85,-4,21,5.5,3.1,0.82,95.1,3.34,4,2,19.2,2.1,220.313827700869,145.75,140.620464297543
830,92,6,21,11.2,3.92,1.79,116.8,5.5,5,2,13.1,1.9,135.055408757999,69.57,71.2522946386304
831,113,2,21,11.9,7.71,3.5,105.4,8.95,5,4,28,2.4,136.967403083177,104.22,82.7473047801726
832,NA,NA,NA,NA,NA,NA,NA,NA,NA,NA,NA,NA,NA,NA,NA
833,85,4,21,7.8,2.93,1.32,101,4.78,6,2,12.2,1.7,220.138098784722,143.829,145.612272854987
834,91,8,21,9.8,3.15,1.58,103.8,4.91,5,2,19,2,108.291563931864,50.262,55.8952225464069
835,86,2,23,7.6,3.83,1.3,119.6,5.34,4,2,28.4,2.2,160.73750460784,113.103,111.999184500113
836,95,3,22,5,4.38,2.54,90.9,6.45,5,3,21.4,2.3,212.80972467646,122.831,115.16018215483
837,NA,NA,NA,NA,NA,NA,NA,NA,NA,NA,NA,NA,NA,NA,NA
838,88,0,22,11.5,3.26,1.98,80,5.64,5,2,14.6,2.1,155.090590255438,109.843,104.237083239426
839,89,2,20,7.7,4.3,2.07,133.2,4.81,4,2,22.1,2.3,187.602220459173,124.183,101.261349753915
840,106,8,30,9.1,4.39,2.97,86,6.75,5,2,18.5,2.3,128.879837547607,91.346,61.2172282242081
841,85,1,22,7.8,3.04,1,96.2,5.23,5,3,17.8,2,219.718565451389,135.142,137.44155612675
842,85,2,21,8,3.38,1,102.9,3.97,5,2,18.6,1.7,152.293877094557,122.972,100.664502438511
843,88,2,21,7.8,2.54,1.42,107.3,4.86,4,2,21.9,2.3,156.525309875749,115.193,108.916499173616
844,114,2,25,12.6,6.82,3.77,98.8,7.62,5,3,24.2,2.3,120.836344886368,66.686,60.6547417596285
845,95,11,21,10.2,3.67,2.88,86.3,6.8,7,4,15.2,1.9,172.465508219457,145.83,71.0799414126452
846,107,2,52,8.6,5.5,3.34,77.2,7.85,6,3,17.3,2.7,99.4640754606981,55.552,54.1919567685481
847,107,NA,19,2.7,4.17,1.48,83.9,5.41,6,1,19.2,2.5,113.417412587767,71.795,65.4185991051288
848,86,3,21,6.1,2.5,0.77,73.2,5.17,5,3,18.3,2,170.518289163456,150.707,145.864243457363
849,102,1,22,11.6,2.59,1.19,60.3,4.18,4,1,29.5,2.2,149.400284292256,100.163,104.335672833822
850,91,-3,21,7,5.09,2.51,114.3,4.23,5,3,17,2.2,151.859148127572,54.045,53.1459629433928
851,85,0,21,8.4,3.17,1.12,84.7,5,6,3,10.5,1.7,179.404034201389,120.427,119.599678151829
852,115,11,22,10.9,6.58,3.48,44.6,10.23,6,3,16.3,2.5,146.98848570998,107.537,76.061616758094
853,94,3,22,6.9,2.8,1.73,94.2,4.61,6,3,20.3,2.1,148.012929581096,88.806,84.4317431920649
854,105,3,21,10.6,3.57,3.06,60.9,5.85,5,3,22.4,2.3,NA,NA,NA
855,94,4,21,9.6,3.62,1.62,111,4.45,4,3,21.7,2.3,NA,NA,NA
856,88,0,21,6.1,3.89,1.45,135.2,5.59,5,2,18,2.2,172.177190688269,111.566,113.257843625573
857,109,7,75,12.3,2.91,1.4,82.1,5.8,4,2,35.4,2.1,91.1587480980558,48.506,46.6397673690711
858,95,2,21,9.1,5.18,2.28,125.5,7.34,5,3,19.3,2,162.258612524969,95.466,95.8026226327809
859,106,6,21,9.6,4.04,2.59,99,5.67,5,3,24,2.4,164.543409562537,84.391,59.3808538200966
860,101,7,21,10.7,3.34,1.42,110,5.26,4,2,25.9,1.9,NA,NA,NA
861,85,3,21,7.4,3.5,1.16,137.1,5.11,5,3,11.9,2,124.899997896308,80.814,77.8172834066
862,99,1,25,8.1,4.35,1.86,120,6.59,5,2,23,2.3,150.758882912157,79.974,70.4829136113127
863,104,7,57,12.6,4.34,1.9,100.3,7.05,5,3,19.8,2.2,141.494985680458,71.389,74.480999312523
864,90,-13,22,2.6,3.83,2,90.3,5.94,6,4,13.3,1.9,133.60179956121,93.417,97.905298797184
865,NA,NA,NA,NA,NA,NA,NA,NA,NA,NA,NA,NA,NA,NA,NA
866,94,6,39,10.1,3.93,1.67,120.2,5.38,5,2,18.2,2.6,140.44774817926,95.9,83.164020978956
867,86,4,21,7.7,3.22,1.14,118,5.93,6,3,15,1.9,209.988278763175,171.358,168.045395594888
868,86,3,21,7.5,3.45,1.34,127.3,6.04,6,2,8.6,1.3,210.648038875267,163.553,159.104937152228
869,85,2,21,8.7,3.4,1.11,102.7,5.1,5,3,13.9,2.1,165.749520561889,113.465,117.103618963025
870,114,9,21,11.3,7.83,3,101.8,6.6,5,2,25.3,2.3,106.471366317808,54.197,50.8614162838827
871,85,6,21,10.6,2.46,0.99,98.3,5.39,4,2,23.2,2,172.430632871878,121.195,105.826318574612
872,89,0,21,10,3.34,1.81,76.4,4.79,6,2,16.1,2.2,140.314930284515,68.869,58.5670721031306
873,92,1,21,9.4,3.3,1.66,117.1,4.29,5,2,20.5,1.9,111.472384010485,67.416,69.1340017730649
874,99,-3,48,5.6,4.57,1.42,67.5,6.25,5,3,14.6,2.7,125.478690912684,49.756,61.427675949797
875,NA,NA,NA,NA,NA,NA,NA,NA,NA,NA,NA,NA,NA,NA,NA
876,90,0,19,9.4,3.42,1.37,100.4,5.14,5,3,20,1.9,187.3237617177,109.68,111.982586092488
877,83,3,21,6.6,3.39,1.04,123.4,4.65,6,2,10.8,2,159.950972677596,99.198,92.5070410067087
878,86,0,22,4.4,3.26,1.11,96.2,4.16,5,3,18.4,2.4,234.068709164563,197.616,133.892456313773
879,95,5,21,13.5,2.28,1.69,96.9,5.81,6,1,29.5,2.2,209.58414917683,130.293,122.635815454648
880,95,0,27,8.4,4.53,1.87,140.8,5.96,5,2,17.9,2.1,178.864592818303,96.308,99.958940227488
881,87,0,21,8.5,3.24,1.3,107.9,4.32,6,4,15,1.8,199.686945391618,142.941,141.73630501476
882,87,2,19,9,3.56,1.48,NA,4.98,5,3,20.5,2.1,202.296483259348,129.655,126.26275775944
883,90,1,25,9.2,2.88,1.3,107.2,4.64,5,3,14.4,2.2,128.482891507757,76.808,62.5606314593201
884,103,6,NA,12.7,4.19,2.42,120.5,5.7,3,2,23.6,2.4,139.269169927693,82.328,66.4024703931031
885,94,0,21,10.1,4.95,2.08,122.6,6.05,4,2,27.9,2.4,102.751573936022,66.185,59.6820552684414
886,123,4,29,10.7,7.53,3.53,156.8,6.14,5,3,23,2.1,144.239354443938,77.527,82.6543974126499
887,90,5,22,10.9,2.86,1.71,117.9,4.9,4,2,30.5,2.1,150.208489641597,81.991,83.4699559145444
888,134,NA,24,NA,0.6,0.13,6.6,4.16,5,1,11.6,1,122.441611554739,99.596,56.9905524723934
889,79,8,21,8.3,3.05,1.02,121.1,5.01,5,2,17.9,1.9,128.324204071714,59.242,63.6152853590352
890,NA,NA,NA,NA,NA,NA,NA,NA,NA,NA,NA,NA,NA,NA,NA
891,137,NA,82,12.3,2.11,1.58,22,7.57,6,4,21.7,2.3,113.482869943031,53.877,55.4532717634449
892,102,2,20,11.9,3.82,1.2,123.2,4.9,4,2,24.8,2.1,157.297677047486,115.164,112.725955027208
893,86,0,21,7,3.09,1.58,85.4,6.03,5,2,20,2.6,207.375756004203,144.225,129.945085229586
894,89,2,22,7.9,3.15,1.47,91.3,5.2,6,2,21.8,2.2,165.937149740249,93.523,81.5332170608697
895,86,3,22,8.5,3.4,1.25,123.5,5.79,5,3,13.8,2.3,139.172212057051,108.283,110.25211296391
896,88,3,19,11.4,3.14,1.33,106,5.72,5,3,15.9,2.1,168.263136860048,98.461,104.543978100819
897,91,2,21,9,3.88,2.16,120.7,4.62,6,3,14.5,1.8,112.480193542312,61.625,66.1748246875574
898,91,3,21,8.1,3.27,1.45,104.8,3.84,6,2,13.1,1.4,206.044543497213,151.905,94.3870051397176
899,87,2,22,8.7,3.69,1.38,NA,5.62,5,3,14.7,2.2,191.744826168084,114.297,121.005385652511
900,90,2,23,7.7,3.14,1.9,80.6,5.6,5,3,15.5,2.4,156.727231977939,70.553,82.9651255825306
